evidence_id,period_start,period_end,population,chronology,status,limitation,source_refs,calculation,period_kind,dimension,segment,comparison_kind,at_risk_accounts,unique_accounts,terminal_churns,new_accounts,entrant_churns,excluded_events,observation_complete,churn_rate,rate_unit,ci_low,ci_high,ci_level,ci_method,comparator_id,comparator_rate,relative_risk,rr_ci_low,rr_ci_high,rate_difference,difference_ci_low,difference_ci_high,mrr_lost,mrr_known_accounts,mrr_unknown_accounts,mrr_exposed,mrr_exposed_as_of,currency,financial_unit
churn:month:2023-04-01:2023-04-30:all:all:none,2023-04-01,2023-04-30,registered_at_start,shared,available,,accounts|subscriptions|churn_events,build_monthly_churn:v1,month,all,all,none,49,49,2,15,1,0,True,0.04081632653061224,account_churn/account_month,0.011265633366185801,0.1371303230608007,0.95,wilson,,,,,,,,,4577.0,2,0,37178.0,2023-04-01,USD,monthly_recurring_revenue
churn:month:2023-04-01:2023-04-30:industry:Cybersecurity:none,2023-04-01,2023-04-30,registered_at_start,shared,available,,accounts|subscriptions|churn_events,build_monthly_churn:v1,month,industry,Cybersecurity,none,18,18,2,0,0,0,True,0.1111111111111111,account_churn/account_month,0.031019522645612363,0.3279976513017881,0.95,wilson,,,,,,,,,4577.0,2,0,10227.0,2023-04-01,USD,monthly_recurring_revenue
churn:month:2023-04-01:2023-04-30:industry:DevTools:none,2023-04-01,2023-04-30,registered_at_start,shared,available,,accounts|subscriptions|churn_events,build_monthly_churn:v1,month,industry,DevTools,none,8,8,0,0,0,0,True,0.0,account_churn/account_month,0.0,0.32440756488388034,0.95,wilson,,,,,,,,,0.0,0,0,6566.0,2023-04-01,USD,monthly_recurring_revenue
churn:month:2023-04-01:2023-04-30:industry:EdTech:none,2023-04-01,2023-04-30,registered_at_start,shared,available,,accounts|subscriptions|churn_events,build_monthly_churn:v1,month,industry,EdTech,none,5,5,0,0,0,0,True,0.0,account_churn/account_month,0.0,0.43448246478317487,0.95,wilson,,,,,,,,,0.0,0,0,646.0,2023-04-01,USD,monthly_recurring_revenue
churn:month:2023-04-01:2023-04-30:industry:FinTech:none,2023-04-01,2023-04-30,registered_at_start,shared,available,,accounts|subscriptions|churn_events,build_monthly_churn:v1,month,industry,FinTech,none,8,8,0,0,0,0,True,0.0,account_churn/account_month,0.0,0.32440756488388034,0.95,wilson,,,,,,,,,0.0,0,0,8756.0,2023-04-01,USD,monthly_recurring_revenue
churn:month:2023-04-01:2023-04-30:industry:HealthTech:none,2023-04-01,2023-04-30,registered_at_start,shared,available,,accounts|subscriptions|churn_events,build_monthly_churn:v1,month,industry,HealthTech,none,10,10,0,0,0,0,True,0.0,account_churn/account_month,0.0,0.27753279986288926,0.95,wilson,,,,,,,,,0.0,0,0,10983.0,2023-04-01,USD,monthly_recurring_revenue
churn:month:2023-04-01:2023-04-30:country:AU:none,2023-04-01,2023-04-30,registered_at_start,shared,available,,accounts|subscriptions|churn_events,build_monthly_churn:v1,month,country,AU,none,4,4,0,0,0,0,True,0.0,account_churn/account_month,0.0,0.4898908364545974,0.95,wilson,,,,,,,,,0.0,0,0,0.0,2023-04-01,USD,monthly_recurring_revenue
churn:month:2023-04-01:2023-04-30:country:CA:none,2023-04-01,2023-04-30,registered_at_start,shared,available,,accounts|subscriptions|churn_events,build_monthly_churn:v1,month,country,CA,none,1,1,0,0,0,0,True,0.0,account_churn/account_month,0.0,0.7934506856227627,0.95,wilson,,,,,,,,,0.0,0,0,0.0,2023-04-01,USD,monthly_recurring_revenue
churn:month:2023-04-01:2023-04-30:country:DE:none,2023-04-01,2023-04-30,registered_at_start,shared,available,,accounts|subscriptions|churn_events,build_monthly_churn:v1,month,country,DE,none,5,5,0,0,0,0,True,0.0,account_churn/account_month,0.0,0.43448246478317487,0.95,wilson,,,,,,,,,0.0,0,0,3781.0,2023-04-01,USD,monthly_recurring_revenue
churn:month:2023-04-01:2023-04-30:country:IN:none,2023-04-01,2023-04-30,registered_at_start,shared,available,,accounts|subscriptions|churn_events,build_monthly_churn:v1,month,country,IN,none,4,4,0,0,0,0,True,0.0,account_churn/account_month,0.0,0.4898908364545974,0.95,wilson,,,,,,,,,0.0,0,0,4677.0,2023-04-01,USD,monthly_recurring_revenue
churn:month:2023-04-01:2023-04-30:country:UK:none,2023-04-01,2023-04-30,registered_at_start,shared,available,,accounts|subscriptions|churn_events,build_monthly_churn:v1,month,country,UK,none,3,3,1,0,0,0,True,0.3333333333333333,account_churn/account_month,0.06149194472039626,0.7923403991979523,0.95,wilson,,,,,,,,,4577.0,1,0,1791.0,2023-04-01,USD,monthly_recurring_revenue
churn:month:2023-04-01:2023-04-30:country:US:none,2023-04-01,2023-04-30,registered_at_start,shared,available,,accounts|subscriptions|churn_events,build_monthly_churn:v1,month,country,US,none,32,32,1,0,0,0,True,0.03125,account_churn/account_month,0.005537860164003122,0.1574426382001256,0.95,wilson,,,,,,,,,0.0,1,0,26929.0,2023-04-01,USD,monthly_recurring_revenue
churn:month:2023-04-01:2023-04-30:referral_source:ads:none,2023-04-01,2023-04-30,registered_at_start,shared,available,,accounts|subscriptions|churn_events,build_monthly_churn:v1,month,referral_source,ads,none,11,11,0,0,0,0,True,0.0,account_churn/account_month,0.0,0.2588329669680318,0.95,wilson,,,,,,,,,0.0,0,0,2160.0,2023-04-01,USD,monthly_recurring_revenue
churn:month:2023-04-01:2023-04-30:referral_source:event:none,2023-04-01,2023-04-30,registered_at_start,shared,available,,accounts|subscriptions|churn_events,build_monthly_churn:v1,month,referral_source,event,none,9,9,1,0,0,0,True,0.1111111111111111,account_churn/account_month,0.019890887638544935,0.4349997055766561,0.95,wilson,,,,,,,,,4577.0,1,0,14387.0,2023-04-01,USD,monthly_recurring_revenue
churn:month:2023-04-01:2023-04-30:referral_source:organic:none,2023-04-01,2023-04-30,registered_at_start,shared,available,,accounts|subscriptions|churn_events,build_monthly_churn:v1,month,referral_source,organic,none,10,10,0,0,0,0,True,0.0,account_churn/account_month,0.0,0.27753279986288926,0.95,wilson,,,,,,,,,0.0,0,0,12173.0,2023-04-01,USD,monthly_recurring_revenue
churn:month:2023-04-01:2023-04-30:referral_source:other:none,2023-04-01,2023-04-30,registered_at_start,shared,available,,accounts|subscriptions|churn_events,build_monthly_churn:v1,month,referral_source,other,none,10,10,0,0,0,0,True,0.0,account_churn/account_month,0.0,0.27753279986288926,0.95,wilson,,,,,,,,,0.0,0,0,4712.0,2023-04-01,USD,monthly_recurring_revenue
churn:month:2023-04-01:2023-04-30:referral_source:partner:none,2023-04-01,2023-04-30,registered_at_start,shared,available,,accounts|subscriptions|churn_events,build_monthly_churn:v1,month,referral_source,partner,none,9,9,1,0,0,0,True,0.1111111111111111,account_churn/account_month,0.019890887638544935,0.4349997055766561,0.95,wilson,,,,,,,,,0.0,1,0,3746.0,2023-04-01,USD,monthly_recurring_revenue
churn:month:2023-04-01:2023-04-30:plan_tier:Basic:none,2023-04-01,2023-04-30,registered_at_start,shared,available,,accounts|subscriptions|churn_events,build_monthly_churn:v1,month,plan_tier,Basic,none,3,3,0,0,0,0,True,0.0,account_churn/account_month,0.0,0.5614970317550455,0.95,wilson,,,,,,,,,0.0,0,0,1140.0,2023-04-01,USD,monthly_recurring_revenue
churn:month:2023-04-01:2023-04-30:plan_tier:Enterprise:none,2023-04-01,2023-04-30,registered_at_start,shared,available,,accounts|subscriptions|churn_events,build_monthly_churn:v1,month,plan_tier,Enterprise,none,5,5,1,0,0,0,True,0.2,account_churn/account_month,0.036224108632430196,0.6244653702374748,0.95,wilson,,,,,,,,,4577.0,1,0,17910.0,2023-04-01,USD,monthly_recurring_revenue
churn:month:2023-04-01:2023-04-30:plan_tier:Pro:none,2023-04-01,2023-04-30,registered_at_start,shared,available,,accounts|subscriptions|churn_events,build_monthly_churn:v1,month,plan_tier,Pro,none,5,5,0,0,0,0,True,0.0,account_churn/account_month,0.0,0.43448246478317487,0.95,wilson,,,,,,,,,0.0,0,0,6615.0,2023-04-01,USD,monthly_recurring_revenue
churn:month:2023-04-01:2023-04-30:plan_tier:mixed:none,2023-04-01,2023-04-30,registered_at_start,shared,available,,accounts|subscriptions|churn_events,build_monthly_churn:v1,month,plan_tier,mixed,none,5,5,0,0,0,0,True,0.0,account_churn/account_month,0.0,0.43448246478317487,0.95,wilson,,,,,,,,,0.0,0,0,11513.0,2023-04-01,USD,monthly_recurring_revenue
churn:month:2023-04-01:2023-04-30:plan_tier:unknown:none,2023-04-01,2023-04-30,registered_at_start,shared,available,,accounts|subscriptions|churn_events,build_monthly_churn:v1,month,plan_tier,unknown,none,31,31,1,0,0,0,True,0.03225806451612903,account_churn/account_month,0.005717221525416816,0.16194105164724912,0.95,wilson,,,,,,,,,0.0,1,0,0.0,2023-04-01,USD,monthly_recurring_revenue
churn:month:2023-04-01:2023-04-30:billing_frequency:annual:none,2023-04-01,2023-04-30,registered_at_start,shared,available,,accounts|subscriptions|churn_events,build_monthly_churn:v1,month,billing_frequency,annual,none,6,6,1,0,0,0,True,0.16666666666666666,account_churn/account_month,0.030053369748306635,0.5635028221864703,0.95,wilson,,,,,,,,,4577.0,1,0,8469.0,2023-04-01,USD,monthly_recurring_revenue
churn:month:2023-04-01:2023-04-30:billing_frequency:mixed:none,2023-04-01,2023-04-30,registered_at_start,shared,available,,accounts|subscriptions|churn_events,build_monthly_churn:v1,month,billing_frequency,mixed,none,4,4,0,0,0,0,True,0.0,account_churn/account_month,0.0,0.4898908364545974,0.95,wilson,,,,,,,,,0.0,0,0,11170.0,2023-04-01,USD,monthly_recurring_revenue
churn:month:2023-04-01:2023-04-30:billing_frequency:monthly:none,2023-04-01,2023-04-30,registered_at_start,shared,available,,accounts|subscriptions|churn_events,build_monthly_churn:v1,month,billing_frequency,monthly,none,8,8,0,0,0,0,True,0.0,account_churn/account_month,0.0,0.32440756488388034,0.95,wilson,,,,,,,,,0.0,0,0,17539.0,2023-04-01,USD,monthly_recurring_revenue
churn:month:2023-04-01:2023-04-30:billing_frequency:unknown:none,2023-04-01,2023-04-30,registered_at_start,shared,available,,accounts|subscriptions|churn_events,build_monthly_churn:v1,month,billing_frequency,unknown,none,31,31,1,0,0,0,True,0.03225806451612903,account_churn/account_month,0.005717221525416816,0.16194105164724912,0.95,wilson,,,,,,,,,0.0,1,0,0.0,2023-04-01,USD,monthly_recurring_revenue
churn:month:2023-04-01:2023-04-30:is_trial:False:none,2023-04-01,2023-04-30,registered_at_start,shared,available,,accounts|subscriptions|churn_events,build_monthly_churn:v1,month,is_trial,False,none,13,13,1,0,0,0,True,0.07692307692307693,account_churn/account_month,0.013710421242556586,0.333139509210996,0.95,wilson,,,,,,,,,4577.0,1,0,34452.0,2023-04-01,USD,monthly_recurring_revenue
churn:month:2023-04-01:2023-04-30:is_trial:True:none,2023-04-01,2023-04-30,registered_at_start,shared,available,,accounts|subscriptions|churn_events,build_monthly_churn:v1,month,is_trial,True,none,2,2,0,0,0,0,True,0.0,account_churn/account_month,0.0,0.657619772493347,0.95,wilson,,,,,,,,,0.0,0,0,0.0,2023-04-01,USD,monthly_recurring_revenue
churn:month:2023-04-01:2023-04-30:is_trial:mixed:none,2023-04-01,2023-04-30,registered_at_start,shared,available,,accounts|subscriptions|churn_events,build_monthly_churn:v1,month,is_trial,mixed,none,3,3,0,0,0,0,True,0.0,account_churn/account_month,0.0,0.5614970317550455,0.95,wilson,,,,,,,,,0.0,0,0,2726.0,2023-04-01,USD,monthly_recurring_revenue
churn:month:2023-04-01:2023-04-30:is_trial:unknown:none,2023-04-01,2023-04-30,registered_at_start,shared,available,,accounts|subscriptions|churn_events,build_monthly_churn:v1,month,is_trial,unknown,none,31,31,1,0,0,0,True,0.03225806451612903,account_churn/account_month,0.005717221525416816,0.16194105164724912,0.95,wilson,,,,,,,,,0.0,1,0,0.0,2023-04-01,USD,monthly_recurring_revenue
churn:month:2023-04-01:2023-04-30:mrr_band:high:none,2023-04-01,2023-04-30,registered_at_start,shared,available,,accounts|subscriptions|churn_events,build_monthly_churn:v1,month,mrr_band,high,none,5,5,0,0,0,0,True,0.0,account_churn/account_month,0.0,0.43448246478317487,0.95,wilson,,,,,,,,,0.0,0,0,23890.0,2023-04-01,USD,monthly_recurring_revenue
churn:month:2023-04-01:2023-04-30:mrr_band:low:none,2023-04-01,2023-04-30,registered_at_start,shared,available,,accounts|subscriptions|churn_events,build_monthly_churn:v1,month,mrr_band,low,none,36,36,1,0,0,0,True,0.027777777777777776,account_churn/account_month,0.00492040713981047,0.1416971865327386,0.95,wilson,,,,,,,,,0.0,1,0,1229.0,2023-04-01,USD,monthly_recurring_revenue
churn:month:2023-04-01:2023-04-30:mrr_band:mid:none,2023-04-01,2023-04-30,registered_at_start,shared,available,,accounts|subscriptions|churn_events,build_monthly_churn:v1,month,mrr_band,mid,none,8,8,1,0,0,0,True,0.125,account_churn/account_month,0.022417491450056642,0.47088818221285356,0.95,wilson,,,,,,,,,4577.0,1,0,12059.0,2023-04-01,USD,monthly_recurring_revenue
churn:month:2023-05-01:2023-05-31:all:all:none,2023-05-01,2023-05-31,registered_at_start,shared,available,,accounts|subscriptions|churn_events,build_monthly_churn:v1,month,all,all,none,62,62,2,25,0,0,True,0.03225806451612903,account_churn/account_month,0.008891371499816628,0.11020469594985442,0.95,wilson,,,,,,,,,3976.0,2,0,71645.0,2023-05-01,USD,monthly_recurring_revenue
churn:month:2023-05-01:2023-05-31:industry:Cybersecurity:none,2023-05-01,2023-05-31,registered_at_start,shared,available,,accounts|subscriptions|churn_events,build_monthly_churn:v1,month,industry,Cybersecurity,none,18,18,1,0,0,0,True,0.05555555555555555,account_churn/account_month,0.009875190978303083,0.257573007818726,0.95,wilson,,,,,,,,,2058.0,1,0,17860.0,2023-05-01,USD,monthly_recurring_revenue
churn:month:2023-05-01:2023-05-31:industry:DevTools:none,2023-05-01,2023-05-31,registered_at_start,shared,available,,accounts|subscriptions|churn_events,build_monthly_churn:v1,month,industry,DevTools,none,14,14,1,0,0,0,True,0.07142857142857142,account_churn/account_month,0.012722215247890939,0.3146870442415113,0.95,wilson,,,,,,,,,1918.0,1,0,12457.0,2023-05-01,USD,monthly_recurring_revenue
churn:month:2023-05-01:2023-05-31:industry:EdTech:none,2023-05-01,2023-05-31,registered_at_start,shared,available,,accounts|subscriptions|churn_events,build_monthly_churn:v1,month,industry,EdTech,none,8,8,0,0,0,0,True,0.0,account_churn/account_month,0.0,0.32440756488388034,0.95,wilson,,,,,,,,,0.0,0,0,3027.0,2023-05-01,USD,monthly_recurring_revenue
churn:month:2023-05-01:2023-05-31:industry:FinTech:none,2023-05-01,2023-05-31,registered_at_start,shared,available,,accounts|subscriptions|churn_events,build_monthly_churn:v1,month,industry,FinTech,none,10,10,0,0,0,0,True,0.0,account_churn/account_month,0.0,0.27753279986288926,0.95,wilson,,,,,,,,,0.0,0,0,18066.0,2023-05-01,USD,monthly_recurring_revenue
churn:month:2023-05-01:2023-05-31:industry:HealthTech:none,2023-05-01,2023-05-31,registered_at_start,shared,available,,accounts|subscriptions|churn_events,build_monthly_churn:v1,month,industry,HealthTech,none,12,12,0,0,0,0,True,0.0,account_churn/account_month,0.0,0.24249400665524096,0.95,wilson,,,,,,,,,0.0,0,0,20235.0,2023-05-01,USD,monthly_recurring_revenue
churn:month:2023-05-01:2023-05-31:country:AU:none,2023-05-01,2023-05-31,registered_at_start,shared,available,,accounts|subscriptions|churn_events,build_monthly_churn:v1,month,country,AU,none,5,5,0,0,0,0,True,0.0,account_churn/account_month,0.0,0.43448246478317487,0.95,wilson,,,,,,,,,0.0,0,0,2283.0,2023-05-01,USD,monthly_recurring_revenue
churn:month:2023-05-01:2023-05-31:country:CA:none,2023-05-01,2023-05-31,registered_at_start,shared,available,,accounts|subscriptions|churn_events,build_monthly_churn:v1,month,country,CA,none,2,2,0,0,0,0,True,0.0,account_churn/account_month,0.0,0.657619772493347,0.95,wilson,,,,,,,,,0.0,0,0,1029.0,2023-05-01,USD,monthly_recurring_revenue
churn:month:2023-05-01:2023-05-31:country:DE:none,2023-05-01,2023-05-31,registered_at_start,shared,available,,accounts|subscriptions|churn_events,build_monthly_churn:v1,month,country,DE,none,8,8,0,0,0,0,True,0.0,account_churn/account_month,0.0,0.32440756488388034,0.95,wilson,,,,,,,,,0.0,0,0,6958.0,2023-05-01,USD,monthly_recurring_revenue
churn:month:2023-05-01:2023-05-31:country:FR:none,2023-05-01,2023-05-31,registered_at_start,shared,available,,accounts|subscriptions|churn_events,build_monthly_churn:v1,month,country,FR,none,2,2,0,0,0,0,True,0.0,account_churn/account_month,0.0,0.657619772493347,0.95,wilson,,,,,,,,,0.0,0,0,2189.0,2023-05-01,USD,monthly_recurring_revenue
churn:month:2023-05-01:2023-05-31:country:IN:none,2023-05-01,2023-05-31,registered_at_start,shared,available,,accounts|subscriptions|churn_events,build_monthly_churn:v1,month,country,IN,none,6,6,1,0,0,0,True,0.16666666666666666,account_churn/account_month,0.030053369748306635,0.5635028221864703,0.95,wilson,,,,,,,,,2058.0,1,0,11880.0,2023-05-01,USD,monthly_recurring_revenue
churn:month:2023-05-01:2023-05-31:country:UK:none,2023-05-01,2023-05-31,registered_at_start,shared,available,,accounts|subscriptions|churn_events,build_monthly_churn:v1,month,country,UK,none,4,4,0,0,0,0,True,0.0,account_churn/account_month,0.0,0.4898908364545974,0.95,wilson,,,,,,,,,0.0,0,0,2985.0,2023-05-01,USD,monthly_recurring_revenue
churn:month:2023-05-01:2023-05-31:country:US:none,2023-05-01,2023-05-31,registered_at_start,shared,available,,accounts|subscriptions|churn_events,build_monthly_churn:v1,month,country,US,none,35,35,1,0,0,0,True,0.02857142857142857,account_churn/account_month,0.005061491855444189,0.14533087233613678,0.95,wilson,,,,,,,,,1918.0,1,0,44321.0,2023-05-01,USD,monthly_recurring_revenue
churn:month:2023-05-01:2023-05-31:referral_source:ads:none,2023-05-01,2023-05-31,registered_at_start,shared,available,,accounts|subscriptions|churn_events,build_monthly_churn:v1,month,referral_source,ads,none,15,15,0,0,0,0,True,0.0,account_churn/account_month,0.0,0.20388330103584867,0.95,wilson,,,,,,,,,0.0,0,0,2797.0,2023-05-01,USD,monthly_recurring_revenue
churn:month:2023-05-01:2023-05-31:referral_source:event:none,2023-05-01,2023-05-31,registered_at_start,shared,available,,accounts|subscriptions|churn_events,build_monthly_churn:v1,month,referral_source,event,none,11,11,1,0,0,0,True,0.09090909090909091,account_churn/account_month,0.016232172885884855,0.3773584364515957,0.95,wilson,,,,,,,,,1918.0,1,0,18009.0,2023-05-01,USD,monthly_recurring_revenue
churn:month:2023-05-01:2023-05-31:referral_source:organic:none,2023-05-01,2023-05-31,registered_at_start,shared,available,,accounts|subscriptions|churn_events,build_monthly_churn:v1,month,referral_source,organic,none,14,14,0,0,0,0,True,0.0,account_churn/account_month,2.7755575615628914e-17,0.21531080273763586,0.95,wilson,,,,,,,,,0.0,0,0,19407.0,2023-05-01,USD,monthly_recurring_revenue
churn:month:2023-05-01:2023-05-31:referral_source:other:none,2023-05-01,2023-05-31,registered_at_start,shared,available,,accounts|subscriptions|churn_events,build_monthly_churn:v1,month,referral_source,other,none,10,10,0,0,0,0,True,0.0,account_churn/account_month,0.0,0.27753279986288926,0.95,wilson,,,,,,,,,0.0,0,0,11162.0,2023-05-01,USD,monthly_recurring_revenue
churn:month:2023-05-01:2023-05-31:referral_source:partner:none,2023-05-01,2023-05-31,registered_at_start,shared,available,,accounts|subscriptions|churn_events,build_monthly_churn:v1,month,referral_source,partner,none,12,12,1,0,0,0,True,0.08333333333333333,account_churn/account_month,0.014865094404917095,0.35387991114111705,0.95,wilson,,,,,,,,,2058.0,1,0,20270.0,2023-05-01,USD,monthly_recurring_revenue
churn:month:2023-05-01:2023-05-31:plan_tier:Basic:none,2023-05-01,2023-05-31,registered_at_start,shared,available,,accounts|subscriptions|churn_events,build_monthly_churn:v1,month,plan_tier,Basic,none,6,6,0,0,0,0,True,0.0,account_churn/account_month,0.0,0.39033428790216546,0.95,wilson,,,,,,,,,0.0,0,0,3230.0,2023-05-01,USD,monthly_recurring_revenue
churn:month:2023-05-01:2023-05-31:plan_tier:Enterprise:none,2023-05-01,2023-05-31,registered_at_start,shared,available,,accounts|subscriptions|churn_events,build_monthly_churn:v1,month,plan_tier,Enterprise,none,9,9,0,0,0,0,True,0.0,account_churn/account_month,2.7755575615628914e-17,0.29914504841954415,0.95,wilson,,,,,,,,,0.0,0,0,24676.0,2023-05-01,USD,monthly_recurring_revenue
churn:month:2023-05-01:2023-05-31:plan_tier:Pro:none,2023-05-01,2023-05-31,registered_at_start,shared,available,,accounts|subscriptions|churn_events,build_monthly_churn:v1,month,plan_tier,Pro,none,7,7,0,0,0,0,True,0.0,account_churn/account_month,2.7755575615628914e-17,0.3543304350666875,0.95,wilson,,,,,,,,,0.0,0,0,8820.0,2023-05-01,USD,monthly_recurring_revenue
churn:month:2023-05-01:2023-05-31:plan_tier:mixed:none,2023-05-01,2023-05-31,registered_at_start,shared,available,,accounts|subscriptions|churn_events,build_monthly_churn:v1,month,plan_tier,mixed,none,9,9,2,0,0,0,True,0.2222222222222222,account_churn/account_month,0.06322510711784671,0.5474110308930111,0.95,wilson,,,,,,,,,3976.0,2,0,34919.0,2023-05-01,USD,monthly_recurring_revenue
churn:month:2023-05-01:2023-05-31:plan_tier:unknown:none,2023-05-01,2023-05-31,registered_at_start,shared,available,,accounts|subscriptions|churn_events,build_monthly_churn:v1,month,plan_tier,unknown,none,31,31,0,0,0,0,True,0.0,account_churn/account_month,0.0,0.110255395460436,0.95,wilson,,,,,,,,,0.0,0,0,0.0,2023-05-01,USD,monthly_recurring_revenue
churn:month:2023-05-01:2023-05-31:billing_frequency:annual:none,2023-05-01,2023-05-31,registered_at_start,shared,available,,accounts|subscriptions|churn_events,build_monthly_churn:v1,month,billing_frequency,annual,none,10,10,0,0,0,0,True,0.0,account_churn/account_month,0.0,0.27753279986288926,0.95,wilson,,,,,,,,,0.0,0,0,17298.0,2023-05-01,USD,monthly_recurring_revenue
churn:month:2023-05-01:2023-05-31:billing_frequency:mixed:none,2023-05-01,2023-05-31,registered_at_start,shared,available,,accounts|subscriptions|churn_events,build_monthly_churn:v1,month,billing_frequency,mixed,none,10,10,2,0,0,0,True,0.2,account_churn/account_month,0.056682151454375246,0.5098375284633583,0.95,wilson,,,,,,,,,3976.0,2,0,40299.0,2023-05-01,USD,monthly_recurring_revenue
churn:month:2023-05-01:2023-05-31:billing_frequency:monthly:none,2023-05-01,2023-05-31,registered_at_start,shared,available,,accounts|subscriptions|churn_events,build_monthly_churn:v1,month,billing_frequency,monthly,none,11,11,0,0,0,0,True,0.0,account_churn/account_month,0.0,0.2588329669680318,0.95,wilson,,,,,,,,,0.0,0,0,14048.0,2023-05-01,USD,monthly_recurring_revenue
churn:month:2023-05-01:2023-05-31:billing_frequency:unknown:none,2023-05-01,2023-05-31,registered_at_start,shared,available,,accounts|subscriptions|churn_events,build_monthly_churn:v1,month,billing_frequency,unknown,none,31,31,0,0,0,0,True,0.0,account_churn/account_month,0.0,0.110255395460436,0.95,wilson,,,,,,,,,0.0,0,0,0.0,2023-05-01,USD,monthly_recurring_revenue
churn:month:2023-05-01:2023-05-31:is_trial:False:none,2023-05-01,2023-05-31,registered_at_start,shared,available,,accounts|subscriptions|churn_events,build_monthly_churn:v1,month,is_trial,False,none,22,22,1,0,0,0,True,0.045454545454545456,account_churn/account_month,0.008069427621263836,0.2179804583865734,0.95,wilson,,,,,,,,,1918.0,1,0,59799.0,2023-05-01,USD,monthly_recurring_revenue
churn:month:2023-05-01:2023-05-31:is_trial:True:none,2023-05-01,2023-05-31,registered_at_start,shared,available,,accounts|subscriptions|churn_events,build_monthly_churn:v1,month,is_trial,True,none,3,3,0,0,0,0,True,0.0,account_churn/account_month,0.0,0.5614970317550455,0.95,wilson,,,,,,,,,0.0,0,0,0.0,2023-05-01,USD,monthly_recurring_revenue
churn:month:2023-05-01:2023-05-31:is_trial:mixed:none,2023-05-01,2023-05-31,registered_at_start,shared,available,,accounts|subscriptions|churn_events,build_monthly_churn:v1,month,is_trial,mixed,none,6,6,1,0,0,0,True,0.16666666666666666,account_churn/account_month,0.030053369748306635,0.5635028221864703,0.95,wilson,,,,,,,,,2058.0,1,0,11846.0,2023-05-01,USD,monthly_recurring_revenue
churn:month:2023-05-01:2023-05-31:is_trial:unknown:none,2023-05-01,2023-05-31,registered_at_start,shared,available,,accounts|subscriptions|churn_events,build_monthly_churn:v1,month,is_trial,unknown,none,31,31,0,0,0,0,True,0.0,account_churn/account_month,0.0,0.110255395460436,0.95,wilson,,,,,,,,,0.0,0,0,0.0,2023-05-01,USD,monthly_recurring_revenue
churn:month:2023-05-01:2023-05-31:mrr_band:high:none,2023-05-01,2023-05-31,registered_at_start,shared,available,,accounts|subscriptions|churn_events,build_monthly_churn:v1,month,mrr_band,high,none,13,13,1,0,0,0,True,0.07692307692307693,account_churn/account_month,0.013710421242556586,0.333139509210996,0.95,wilson,,,,,,,,,2058.0,1,0,57028.0,2023-05-01,USD,monthly_recurring_revenue
churn:month:2023-05-01:2023-05-31:mrr_band:low:none,2023-05-01,2023-05-31,registered_at_start,shared,available,,accounts|subscriptions|churn_events,build_monthly_churn:v1,month,mrr_band,low,none,38,38,0,0,0,0,True,0.0,account_churn/account_month,6.938893903907228e-18,0.09180986822558401,0.95,wilson,,,,,,,,,0.0,0,0,1514.0,2023-05-01,USD,monthly_recurring_revenue
churn:month:2023-05-01:2023-05-31:mrr_band:mid:none,2023-05-01,2023-05-31,registered_at_start,shared,available,,accounts|subscriptions|churn_events,build_monthly_churn:v1,month,mrr_band,mid,none,11,11,1,0,0,0,True,0.09090909090909091,account_churn/account_month,0.016232172885884855,0.3773584364515957,0.95,wilson,,,,,,,,,1918.0,1,0,13103.0,2023-05-01,USD,monthly_recurring_revenue
churn:month:2023-06-01:2023-06-30:all:all:none,2023-06-01,2023-06-30,registered_at_start,shared,available,,accounts|subscriptions|churn_events,build_monthly_churn:v1,month,all,all,none,87,87,5,11,0,0,True,0.05747126436781609,account_churn/account_month,0.024795637793153517,0.12757376490451622,0.95,wilson,,,,,,,,,17925.0,5,0,127697.0,2023-06-01,USD,monthly_recurring_revenue
churn:month:2023-06-01:2023-06-30:industry:Cybersecurity:none,2023-06-01,2023-06-30,registered_at_start,shared,available,,accounts|subscriptions|churn_events,build_monthly_churn:v1,month,industry,Cybersecurity,none,21,21,3,0,0,0,True,0.14285714285714285,account_churn/account_month,0.04981012499725268,0.34636060280620945,0.95,wilson,,,,,,,,,9782.0,3,0,25584.0,2023-06-01,USD,monthly_recurring_revenue
churn:month:2023-06-01:2023-06-30:industry:DevTools:none,2023-06-01,2023-06-30,registered_at_start,shared,available,,accounts|subscriptions|churn_events,build_monthly_churn:v1,month,industry,DevTools,none,21,21,0,0,0,0,True,0.0,account_churn/account_month,0.0,0.154639018924847,0.95,wilson,,,,,,,,,0.0,0,0,49339.0,2023-06-01,USD,monthly_recurring_revenue
churn:month:2023-06-01:2023-06-30:industry:EdTech:none,2023-06-01,2023-06-30,registered_at_start,shared,available,,accounts|subscriptions|churn_events,build_monthly_churn:v1,month,industry,EdTech,none,10,10,1,0,0,0,True,0.1,account_churn/account_month,0.017876213095072924,0.40415002679523854,0.95,wilson,,,,,,,,,637.0,1,0,6459.0,2023-06-01,USD,monthly_recurring_revenue
churn:month:2023-06-01:2023-06-30:industry:FinTech:none,2023-06-01,2023-06-30,registered_at_start,shared,available,,accounts|subscriptions|churn_events,build_monthly_churn:v1,month,industry,FinTech,none,16,16,0,0,0,0,True,0.0,account_churn/account_month,0.0,0.19360768053443655,0.95,wilson,,,,,,,,,0.0,0,0,22498.0,2023-06-01,USD,monthly_recurring_revenue
churn:month:2023-06-01:2023-06-30:industry:HealthTech:none,2023-06-01,2023-06-30,registered_at_start,shared,available,,accounts|subscriptions|churn_events,build_monthly_churn:v1,month,industry,HealthTech,none,19,19,1,0,0,0,True,0.05263157894736842,account_churn/account_month,0.00935199406230039,0.24638731166898795,0.95,wilson,,,,,,,,,7506.0,1,0,23817.0,2023-06-01,USD,monthly_recurring_revenue
churn:month:2023-06-01:2023-06-30:country:AU:none,2023-06-01,2023-06-30,registered_at_start,shared,available,,accounts|subscriptions|churn_events,build_monthly_churn:v1,month,country,AU,none,9,9,1,0,0,0,True,0.1111111111111111,account_churn/account_month,0.019890887638544935,0.4349997055766561,0.95,wilson,,,,,,,,,8756.0,1,0,11039.0,2023-06-01,USD,monthly_recurring_revenue
churn:month:2023-06-01:2023-06-30:country:CA:none,2023-06-01,2023-06-30,registered_at_start,shared,available,,accounts|subscriptions|churn_events,build_monthly_churn:v1,month,country,CA,none,2,2,1,0,0,0,True,0.5,account_churn/account_month,0.09453120573423068,0.9054687942657693,0.95,wilson,,,,,,,,,0.0,1,0,6601.0,2023-06-01,USD,monthly_recurring_revenue
churn:month:2023-06-01:2023-06-30:country:DE:none,2023-06-01,2023-06-30,registered_at_start,shared,available,,accounts|subscriptions|churn_events,build_monthly_churn:v1,month,country,DE,none,9,9,1,0,0,0,True,0.1111111111111111,account_churn/account_month,0.019890887638544935,0.4349997055766561,0.95,wilson,,,,,,,,,637.0,1,0,7870.0,2023-06-01,USD,monthly_recurring_revenue
churn:month:2023-06-01:2023-06-30:country:FR:none,2023-06-01,2023-06-30,registered_at_start,shared,available,,accounts|subscriptions|churn_events,build_monthly_churn:v1,month,country,FR,none,2,2,0,0,0,0,True,0.0,account_churn/account_month,0.0,0.657619772493347,0.95,wilson,,,,,,,,,0.0,0,0,7164.0,2023-06-01,USD,monthly_recurring_revenue
churn:month:2023-06-01:2023-06-30:country:IN:none,2023-06-01,2023-06-30,registered_at_start,shared,available,,accounts|subscriptions|churn_events,build_monthly_churn:v1,month,country,IN,none,7,7,0,0,0,0,True,0.0,account_churn/account_month,2.7755575615628914e-17,0.3543304350666875,0.95,wilson,,,,,,,,,0.0,0,0,10287.0,2023-06-01,USD,monthly_recurring_revenue
churn:month:2023-06-01:2023-06-30:country:UK:none,2023-06-01,2023-06-30,registered_at_start,shared,available,,accounts|subscriptions|churn_events,build_monthly_churn:v1,month,country,UK,none,8,8,0,0,0,0,True,0.0,account_churn/account_month,0.0,0.32440756488388034,0.95,wilson,,,,,,,,,0.0,0,0,2985.0,2023-06-01,USD,monthly_recurring_revenue
churn:month:2023-06-01:2023-06-30:country:US:none,2023-06-01,2023-06-30,registered_at_start,shared,available,,accounts|subscriptions|churn_events,build_monthly_churn:v1,month,country,US,none,50,50,2,0,0,0,True,0.04,account_churn/account_month,0.011038884327619819,0.13460090687507023,0.95,wilson,,,,,,,,,8532.0,2,0,81751.0,2023-06-01,USD,monthly_recurring_revenue
churn:month:2023-06-01:2023-06-30:referral_source:ads:none,2023-06-01,2023-06-30,registered_at_start,shared,available,,accounts|subscriptions|churn_events,build_monthly_churn:v1,month,referral_source,ads,none,24,24,1,0,0,0,True,0.041666666666666664,account_churn/account_month,0.007393456165505796,0.20241806478655947,0.95,wilson,,,,,,,,,637.0,1,0,22112.0,2023-06-01,USD,monthly_recurring_revenue
churn:month:2023-06-01:2023-06-30:referral_source:event:none,2023-06-01,2023-06-30,registered_at_start,shared,available,,accounts|subscriptions|churn_events,build_monthly_churn:v1,month,referral_source,event,none,16,16,0,0,0,0,True,0.0,account_churn/account_month,0.0,0.19360768053443655,0.95,wilson,,,,,,,,,0.0,0,0,23945.0,2023-06-01,USD,monthly_recurring_revenue
churn:month:2023-06-01:2023-06-30:referral_source:organic:none,2023-06-01,2023-06-30,registered_at_start,shared,available,,accounts|subscriptions|churn_events,build_monthly_churn:v1,month,referral_source,organic,none,17,17,2,0,0,0,True,0.11764705882352941,account_churn/account_month,0.03287977376379267,0.3433635059488588,0.95,wilson,,,,,,,,,7506.0,2,0,38759.0,2023-06-01,USD,monthly_recurring_revenue
churn:month:2023-06-01:2023-06-30:referral_source:other:none,2023-06-01,2023-06-30,registered_at_start,shared,available,,accounts|subscriptions|churn_events,build_monthly_churn:v1,month,referral_source,other,none,16,16,2,0,0,0,True,0.125,account_churn/account_month,0.03497748774324044,0.36022827265758695,0.95,wilson,,,,,,,,,9782.0,2,0,21286.0,2023-06-01,USD,monthly_recurring_revenue
churn:month:2023-06-01:2023-06-30:referral_source:partner:none,2023-06-01,2023-06-30,registered_at_start,shared,available,,accounts|subscriptions|churn_events,build_monthly_churn:v1,month,referral_source,partner,none,14,14,0,0,0,0,True,0.0,account_churn/account_month,2.7755575615628914e-17,0.21531080273763586,0.95,wilson,,,,,,,,,0.0,0,0,21595.0,2023-06-01,USD,monthly_recurring_revenue
churn:month:2023-06-01:2023-06-30:plan_tier:Basic:none,2023-06-01,2023-06-30,registered_at_start,shared,available,,accounts|subscriptions|churn_events,build_monthly_churn:v1,month,plan_tier,Basic,none,9,9,1,0,0,0,True,0.1111111111111111,account_churn/account_month,0.019890887638544935,0.4349997055766561,0.95,wilson,,,,,,,,,1026.0,1,0,6156.0,2023-06-01,USD,monthly_recurring_revenue
churn:month:2023-06-01:2023-06-30:plan_tier:Enterprise:none,2023-06-01,2023-06-30,registered_at_start,shared,available,,accounts|subscriptions|churn_events,build_monthly_churn:v1,month,plan_tier,Enterprise,none,13,13,2,0,0,0,True,0.15384615384615385,account_churn/account_month,0.04325817835808121,0.42234631019482544,0.95,wilson,,,,,,,,,16262.0,2,0,54526.0,2023-06-01,USD,monthly_recurring_revenue
churn:month:2023-06-01:2023-06-30:plan_tier:Pro:none,2023-06-01,2023-06-30,registered_at_start,shared,available,,accounts|subscriptions|churn_events,build_monthly_churn:v1,month,plan_tier,Pro,none,6,6,1,0,0,0,True,0.16666666666666666,account_churn/account_month,0.030053369748306635,0.5635028221864703,0.95,wilson,,,,,,,,,637.0,1,0,6223.0,2023-06-01,USD,monthly_recurring_revenue
churn:month:2023-06-01:2023-06-30:plan_tier:mixed:none,2023-06-01,2023-06-30,registered_at_start,shared,available,,accounts|subscriptions|churn_events,build_monthly_churn:v1,month,plan_tier,mixed,none,12,12,0,0,0,0,True,0.0,account_churn/account_month,0.0,0.24249400665524096,0.95,wilson,,,,,,,,,0.0,0,0,60792.0,2023-06-01,USD,monthly_recurring_revenue
churn:month:2023-06-01:2023-06-30:plan_tier:unknown:none,2023-06-01,2023-06-30,registered_at_start,shared,available,,accounts|subscriptions|churn_events,build_monthly_churn:v1,month,plan_tier,unknown,none,47,47,1,0,0,0,True,0.02127659574468085,account_churn/account_month,0.003765768038596795,0.11112981041629333,0.95,wilson,,,,,,,,,0.0,1,0,0.0,2023-06-01,USD,monthly_recurring_revenue
churn:month:2023-06-01:2023-06-30:billing_frequency:annual:none,2023-06-01,2023-06-30,registered_at_start,shared,available,,accounts|subscriptions|churn_events,build_monthly_churn:v1,month,billing_frequency,annual,none,15,15,2,0,0,0,True,0.13333333333333333,account_churn/account_month,0.03736125910306534,0.3788198283232237,0.95,wilson,,,,,,,,,8532.0,2,0,26465.0,2023-06-01,USD,monthly_recurring_revenue
churn:month:2023-06-01:2023-06-30:billing_frequency:mixed:none,2023-06-01,2023-06-30,registered_at_start,shared,available,,accounts|subscriptions|churn_events,build_monthly_churn:v1,month,billing_frequency,mixed,none,12,12,0,0,0,0,True,0.0,account_churn/account_month,0.0,0.24249400665524096,0.95,wilson,,,,,,,,,0.0,0,0,66226.0,2023-06-01,USD,monthly_recurring_revenue
churn:month:2023-06-01:2023-06-30:billing_frequency:monthly:none,2023-06-01,2023-06-30,registered_at_start,shared,available,,accounts|subscriptions|churn_events,build_monthly_churn:v1,month,billing_frequency,monthly,none,13,13,2,0,0,0,True,0.15384615384615385,account_churn/account_month,0.04325817835808121,0.42234631019482544,0.95,wilson,,,,,,,,,9393.0,2,0,35006.0,2023-06-01,USD,monthly_recurring_revenue
churn:month:2023-06-01:2023-06-30:billing_frequency:unknown:none,2023-06-01,2023-06-30,registered_at_start,shared,available,,accounts|subscriptions|churn_events,build_monthly_churn:v1,month,billing_frequency,unknown,none,47,47,1,0,0,0,True,0.02127659574468085,account_churn/account_month,0.003765768038596795,0.11112981041629333,0.95,wilson,,,,,,,,,0.0,1,0,0.0,2023-06-01,USD,monthly_recurring_revenue
churn:month:2023-06-01:2023-06-30:is_trial:False:none,2023-06-01,2023-06-30,registered_at_start,shared,available,,accounts|subscriptions|churn_events,build_monthly_churn:v1,month,is_trial,False,none,30,30,4,0,0,0,True,0.13333333333333333,account_churn/account_month,0.05309655484054743,0.296813266820363,0.95,wilson,,,,,,,,,17925.0,4,0,115383.0,2023-06-01,USD,monthly_recurring_revenue
churn:month:2023-06-01:2023-06-30:is_trial:True:none,2023-06-01,2023-06-30,registered_at_start,shared,available,,accounts|subscriptions|churn_events,build_monthly_churn:v1,month,is_trial,True,none,4,4,0,0,0,0,True,0.0,account_churn/account_month,0.0,0.4898908364545974,0.95,wilson,,,,,,,,,0.0,0,0,0.0,2023-06-01,USD,monthly_recurring_revenue
churn:month:2023-06-01:2023-06-30:is_trial:mixed:none,2023-06-01,2023-06-30,registered_at_start,shared,available,,accounts|subscriptions|churn_events,build_monthly_churn:v1,month,is_trial,mixed,none,6,6,0,0,0,0,True,0.0,account_churn/account_month,0.0,0.39033428790216546,0.95,wilson,,,,,,,,,0.0,0,0,12314.0,2023-06-01,USD,monthly_recurring_revenue
churn:month:2023-06-01:2023-06-30:is_trial:unknown:none,2023-06-01,2023-06-30,registered_at_start,shared,available,,accounts|subscriptions|churn_events,build_monthly_churn:v1,month,is_trial,unknown,none,47,47,1,0,0,0,True,0.02127659574468085,account_churn/account_month,0.003765768038596795,0.11112981041629333,0.95,wilson,,,,,,,,,0.0,1,0,0.0,2023-06-01,USD,monthly_recurring_revenue
churn:month:2023-06-01:2023-06-30:mrr_band:high:none,2023-06-01,2023-06-30,registered_at_start,shared,available,,accounts|subscriptions|churn_events,build_monthly_churn:v1,month,mrr_band,high,none,19,19,2,0,0,0,True,0.10526315789473684,account_churn/account_month,0.029358560298870157,0.31394082711109017,0.95,wilson,,,,,,,,,16262.0,2,0,113431.0,2023-06-01,USD,monthly_recurring_revenue
churn:month:2023-06-01:2023-06-30:mrr_band:low:none,2023-06-01,2023-06-30,registered_at_start,shared,available,,accounts|subscriptions|churn_events,build_monthly_churn:v1,month,mrr_band,low,none,57,57,1,0,0,0,True,0.017543859649122806,account_churn/account_month,0.0031036646514081,0.09290749178567687,0.95,wilson,,,,,,,,,0.0,1,0,2321.0,2023-06-01,USD,monthly_recurring_revenue
churn:month:2023-06-01:2023-06-30:mrr_band:mid:none,2023-06-01,2023-06-30,registered_at_start,shared,available,,accounts|subscriptions|churn_events,build_monthly_churn:v1,month,mrr_band,mid,none,11,11,2,0,0,0,True,0.18181818181818182,account_churn/account_month,0.051367689746085105,0.47698056196084426,0.95,wilson,,,,,,,,,1663.0,2,0,11945.0,2023-06-01,USD,monthly_recurring_revenue
churn:month:2023-07-01:2023-07-31:all:all:none,2023-07-01,2023-07-31,registered_at_start,shared,available,,accounts|subscriptions|churn_events,build_monthly_churn:v1,month,all,all,none,94,94,4,13,1,1,True,0.0425531914893617,account_churn/account_month,0.01667054815004272,0.10435645781881737,0.95,wilson,,,,,,,,,11748.0,4,0,181461.0,2023-07-01,USD,monthly_recurring_revenue
churn:month:2023-07-01:2023-07-31:industry:Cybersecurity:none,2023-07-01,2023-07-31,registered_at_start,shared,available,,accounts|subscriptions|churn_events,build_monthly_churn:v1,month,industry,Cybersecurity,none,20,20,2,0,0,0,True,0.1,account_churn/account_month,0.027866481213768196,0.3010336452284873,0.95,wilson,,,,,,,,,0.0,2,0,26017.0,2023-07-01,USD,monthly_recurring_revenue
churn:month:2023-07-01:2023-07-31:industry:DevTools:none,2023-07-01,2023-07-31,registered_at_start,shared,available,,accounts|subscriptions|churn_events,build_monthly_churn:v1,month,industry,DevTools,none,25,25,1,0,0,0,True,0.04,account_churn/account_month,0.007096233501987265,0.1954406373619374,0.95,wilson,,,,,,,,,0.0,1,0,72581.0,2023-07-01,USD,monthly_recurring_revenue
churn:month:2023-07-01:2023-07-31:industry:EdTech:none,2023-07-01,2023-07-31,registered_at_start,shared,available,,accounts|subscriptions|churn_events,build_monthly_churn:v1,month,industry,EdTech,none,11,11,0,0,0,0,True,0.0,account_churn/account_month,0.0,0.2588329669680318,0.95,wilson,,,,,,,,,0.0,0,0,12588.0,2023-07-01,USD,monthly_recurring_revenue
churn:month:2023-07-01:2023-07-31:industry:FinTech:none,2023-07-01,2023-07-31,registered_at_start,shared,available,,accounts|subscriptions|churn_events,build_monthly_churn:v1,month,industry,FinTech,none,18,18,1,0,0,0,True,0.05555555555555555,account_churn/account_month,0.009875190978303083,0.257573007818726,0.95,wilson,,,,,,,,,11748.0,1,0,38230.0,2023-07-01,USD,monthly_recurring_revenue
churn:month:2023-07-01:2023-07-31:industry:HealthTech:none,2023-07-01,2023-07-31,registered_at_start,shared,available,,accounts|subscriptions|churn_events,build_monthly_churn:v1,month,industry,HealthTech,none,20,20,0,0,0,0,True,0.0,account_churn/account_month,0.0,0.1611251580528194,0.95,wilson,,,,,,,,,0.0,0,0,32045.0,2023-07-01,USD,monthly_recurring_revenue
churn:month:2023-07-01:2023-07-31:country:AU:none,2023-07-01,2023-07-31,registered_at_start,shared,available,,accounts|subscriptions|churn_events,build_monthly_churn:v1,month,country,AU,none,8,8,1,0,0,0,True,0.125,account_churn/account_month,0.022417491450056642,0.47088818221285356,0.95,wilson,,,,,,,,,0.0,1,0,5426.0,2023-07-01,USD,monthly_recurring_revenue
churn:month:2023-07-01:2023-07-31:country:CA:none,2023-07-01,2023-07-31,registered_at_start,shared,available,,accounts|subscriptions|churn_events,build_monthly_churn:v1,month,country,CA,none,1,1,0,0,0,0,True,0.0,account_churn/account_month,0.0,0.7934506856227627,0.95,wilson,,,,,,,,,0.0,0,0,9785.0,2023-07-01,USD,monthly_recurring_revenue
churn:month:2023-07-01:2023-07-31:country:DE:none,2023-07-01,2023-07-31,registered_at_start,shared,available,,accounts|subscriptions|churn_events,build_monthly_churn:v1,month,country,DE,none,11,11,1,0,0,0,True,0.09090909090909091,account_churn/account_month,0.016232172885884855,0.3773584364515957,0.95,wilson,,,,,,,,,0.0,1,0,8799.0,2023-07-01,USD,monthly_recurring_revenue
churn:month:2023-07-01:2023-07-31:country:FR:none,2023-07-01,2023-07-31,registered_at_start,shared,available,,accounts|subscriptions|churn_events,build_monthly_churn:v1,month,country,FR,none,2,2,0,0,0,0,True,0.0,account_churn/account_month,0.0,0.657619772493347,0.95,wilson,,,,,,,,,0.0,0,0,7997.0,2023-07-01,USD,monthly_recurring_revenue
churn:month:2023-07-01:2023-07-31:country:IN:none,2023-07-01,2023-07-31,registered_at_start,shared,available,,accounts|subscriptions|churn_events,build_monthly_churn:v1,month,country,IN,none,10,10,0,0,0,0,True,0.0,account_churn/account_month,0.0,0.27753279986288926,0.95,wilson,,,,,,,,,0.0,0,0,11904.0,2023-07-01,USD,monthly_recurring_revenue
churn:month:2023-07-01:2023-07-31:country:UK:none,2023-07-01,2023-07-31,registered_at_start,shared,available,,accounts|subscriptions|churn_events,build_monthly_churn:v1,month,country,UK,none,9,9,0,0,0,0,True,0.0,account_churn/account_month,2.7755575615628914e-17,0.29914504841954415,0.95,wilson,,,,,,,,,0.0,0,0,5736.0,2023-07-01,USD,monthly_recurring_revenue
churn:month:2023-07-01:2023-07-31:country:US:none,2023-07-01,2023-07-31,registered_at_start,shared,available,,accounts|subscriptions|churn_events,build_monthly_churn:v1,month,country,US,none,53,53,2,0,0,0,True,0.03773584905660377,account_churn/account_month,0.01041028727582683,0.1275428719741836,0.95,wilson,,,,,,,,,11748.0,2,0,131814.0,2023-07-01,USD,monthly_recurring_revenue
churn:month:2023-07-01:2023-07-31:referral_source:ads:none,2023-07-01,2023-07-31,registered_at_start,shared,available,,accounts|subscriptions|churn_events,build_monthly_churn:v1,month,referral_source,ads,none,23,23,0,0,0,0,True,0.0,account_churn/account_month,0.0,0.1431166184504269,0.95,wilson,,,,,,,,,0.0,0,0,31248.0,2023-07-01,USD,monthly_recurring_revenue
churn:month:2023-07-01:2023-07-31:referral_source:event:none,2023-07-01,2023-07-31,registered_at_start,shared,available,,accounts|subscriptions|churn_events,build_monthly_churn:v1,month,referral_source,event,none,18,18,1,0,0,0,True,0.05555555555555555,account_churn/account_month,0.009875190978303083,0.257573007818726,0.95,wilson,,,,,,,,,11748.0,1,0,31626.0,2023-07-01,USD,monthly_recurring_revenue
churn:month:2023-07-01:2023-07-31:referral_source:organic:none,2023-07-01,2023-07-31,registered_at_start,shared,available,,accounts|subscriptions|churn_events,build_monthly_churn:v1,month,referral_source,organic,none,17,17,0,0,0,0,True,0.0,account_churn/account_month,0.0,0.18431813500885186,0.95,wilson,,,,,,,,,0.0,0,0,55526.0,2023-07-01,USD,monthly_recurring_revenue
churn:month:2023-07-01:2023-07-31:referral_source:other:none,2023-07-01,2023-07-31,registered_at_start,shared,available,,accounts|subscriptions|churn_events,build_monthly_churn:v1,month,referral_source,other,none,19,19,2,0,0,0,True,0.10526315789473684,account_churn/account_month,0.029358560298870157,0.31394082711109017,0.95,wilson,,,,,,,,,0.0,2,0,32578.0,2023-07-01,USD,monthly_recurring_revenue
churn:month:2023-07-01:2023-07-31:referral_source:partner:none,2023-07-01,2023-07-31,registered_at_start,shared,available,,accounts|subscriptions|churn_events,build_monthly_churn:v1,month,referral_source,partner,none,17,17,1,0,0,0,True,0.058823529411764705,account_churn/account_month,0.010460400984997592,0.26982030637575405,0.95,wilson,,,,,,,,,0.0,1,0,30483.0,2023-07-01,USD,monthly_recurring_revenue
churn:month:2023-07-01:2023-07-31:plan_tier:Basic:none,2023-07-01,2023-07-31,registered_at_start,shared,available,,accounts|subscriptions|churn_events,build_monthly_churn:v1,month,plan_tier,Basic,none,10,10,0,0,0,0,True,0.0,account_churn/account_month,0.0,0.27753279986288926,0.95,wilson,,,,,,,,,0.0,0,0,7163.0,2023-07-01,USD,monthly_recurring_revenue
churn:month:2023-07-01:2023-07-31:plan_tier:Enterprise:none,2023-07-01,2023-07-31,registered_at_start,shared,available,,accounts|subscriptions|churn_events,build_monthly_churn:v1,month,plan_tier,Enterprise,none,10,10,1,0,0,0,True,0.1,account_churn/account_month,0.017876213095072924,0.40415002679523854,0.95,wilson,,,,,,,,,0.0,1,0,28059.0,2023-07-01,USD,monthly_recurring_revenue
churn:month:2023-07-01:2023-07-31:plan_tier:Pro:none,2023-07-01,2023-07-31,registered_at_start,shared,available,,accounts|subscriptions|churn_events,build_monthly_churn:v1,month,plan_tier,Pro,none,14,14,0,0,0,0,True,0.0,account_churn/account_month,2.7755575615628914e-17,0.21531080273763586,0.95,wilson,,,,,,,,,0.0,0,0,15337.0,2023-07-01,USD,monthly_recurring_revenue
churn:month:2023-07-01:2023-07-31:plan_tier:mixed:none,2023-07-01,2023-07-31,registered_at_start,shared,available,,accounts|subscriptions|churn_events,build_monthly_churn:v1,month,plan_tier,mixed,none,22,22,1,0,0,0,True,0.045454545454545456,account_churn/account_month,0.008069427621263836,0.2179804583865734,0.95,wilson,,,,,,,,,11748.0,1,0,130902.0,2023-07-01,USD,monthly_recurring_revenue
churn:month:2023-07-01:2023-07-31:plan_tier:unknown:none,2023-07-01,2023-07-31,registered_at_start,shared,available,,accounts|subscriptions|churn_events,build_monthly_churn:v1,month,plan_tier,unknown,none,38,38,2,0,0,0,True,0.05263157894736842,account_churn/account_month,0.014554208147292413,0.17285462131770382,0.95,wilson,,,,,,,,,0.0,2,0,0.0,2023-07-01,USD,monthly_recurring_revenue
churn:month:2023-07-01:2023-07-31:billing_frequency:annual:none,2023-07-01,2023-07-31,registered_at_start,shared,available,,accounts|subscriptions|churn_events,build_monthly_churn:v1,month,billing_frequency,annual,none,22,22,0,0,0,0,True,0.0,account_churn/account_month,0.0,0.14865487460862095,0.95,wilson,,,,,,,,,0.0,0,0,39523.0,2023-07-01,USD,monthly_recurring_revenue
churn:month:2023-07-01:2023-07-31:billing_frequency:mixed:none,2023-07-01,2023-07-31,registered_at_start,shared,available,,accounts|subscriptions|churn_events,build_monthly_churn:v1,month,billing_frequency,mixed,none,20,20,1,0,0,0,True,0.05,account_churn/account_month,0.008881448800795402,0.2361311934467421,0.95,wilson,,,,,,,,,11748.0,1,0,117605.0,2023-07-01,USD,monthly_recurring_revenue
churn:month:2023-07-01:2023-07-31:billing_frequency:monthly:none,2023-07-01,2023-07-31,registered_at_start,shared,available,,accounts|subscriptions|churn_events,build_monthly_churn:v1,month,billing_frequency,monthly,none,14,14,1,0,0,0,True,0.07142857142857142,account_churn/account_month,0.012722215247890939,0.3146870442415113,0.95,wilson,,,,,,,,,0.0,1,0,24333.0,2023-07-01,USD,monthly_recurring_revenue
churn:month:2023-07-01:2023-07-31:billing_frequency:unknown:none,2023-07-01,2023-07-31,registered_at_start,shared,available,,accounts|subscriptions|churn_events,build_monthly_churn:v1,month,billing_frequency,unknown,none,38,38,2,0,0,0,True,0.05263157894736842,account_churn/account_month,0.014554208147292413,0.17285462131770382,0.95,wilson,,,,,,,,,0.0,2,0,0.0,2023-07-01,USD,monthly_recurring_revenue
churn:month:2023-07-01:2023-07-31:is_trial:False:none,2023-07-01,2023-07-31,registered_at_start,shared,available,,accounts|subscriptions|churn_events,build_monthly_churn:v1,month,is_trial,False,none,39,39,1,0,0,0,True,0.02564102564102564,account_churn/account_month,0.004540703100990112,0.13180990169850076,0.95,wilson,,,,,,,,,11748.0,1,0,141862.0,2023-07-01,USD,monthly_recurring_revenue
churn:month:2023-07-01:2023-07-31:is_trial:True:none,2023-07-01,2023-07-31,registered_at_start,shared,available,,accounts|subscriptions|churn_events,build_monthly_churn:v1,month,is_trial,True,none,7,7,1,0,0,0,True,0.14285714285714285,account_churn/account_month,0.02567962434474355,0.5131278292743189,0.95,wilson,,,,,,,,,0.0,1,0,0.0,2023-07-01,USD,monthly_recurring_revenue
churn:month:2023-07-01:2023-07-31:is_trial:mixed:none,2023-07-01,2023-07-31,registered_at_start,shared,available,,accounts|subscriptions|churn_events,build_monthly_churn:v1,month,is_trial,mixed,none,10,10,0,0,0,0,True,0.0,account_churn/account_month,0.0,0.27753279986288926,0.95,wilson,,,,,,,,,0.0,0,0,39599.0,2023-07-01,USD,monthly_recurring_revenue
churn:month:2023-07-01:2023-07-31:is_trial:unknown:none,2023-07-01,2023-07-31,registered_at_start,shared,available,,accounts|subscriptions|churn_events,build_monthly_churn:v1,month,is_trial,unknown,none,38,38,2,0,0,0,True,0.05263157894736842,account_churn/account_month,0.014554208147292413,0.17285462131770382,0.95,wilson,,,,,,,,,0.0,2,0,0.0,2023-07-01,USD,monthly_recurring_revenue
churn:month:2023-07-01:2023-07-31:mrr_band:high:none,2023-07-01,2023-07-31,registered_at_start,shared,available,,accounts|subscriptions|churn_events,build_monthly_churn:v1,month,mrr_band,high,none,26,26,1,0,0,0,True,0.038461538461538464,account_churn/account_month,0.006821984993543487,0.18892778903034763,0.95,wilson,,,,,,,,,11748.0,1,0,162053.0,2023-07-01,USD,monthly_recurring_revenue
churn:month:2023-07-01:2023-07-31:mrr_band:low:none,2023-07-01,2023-07-31,registered_at_start,shared,available,,accounts|subscriptions|churn_events,build_monthly_churn:v1,month,mrr_band,low,none,52,52,3,0,0,0,True,0.057692307692307696,account_churn/account_month,0.019814172112270614,0.15642511368960765,0.95,wilson,,,,,,,,,0.0,3,0,2346.0,2023-07-01,USD,monthly_recurring_revenue
churn:month:2023-07-01:2023-07-31:mrr_band:mid:none,2023-07-01,2023-07-31,registered_at_start,shared,available,,accounts|subscriptions|churn_events,build_monthly_churn:v1,month,mrr_band,mid,none,16,16,0,0,0,0,True,0.0,account_churn/account_month,0.0,0.19360768053443655,0.95,wilson,,,,,,,,,0.0,0,0,17062.0,2023-07-01,USD,monthly_recurring_revenue
churn:month:2023-08-01:2023-08-31:all:all:none,2023-08-01,2023-08-31,registered_at_start,shared,available,,accounts|subscriptions|churn_events,build_monthly_churn:v1,month,all,all,none,102,102,6,16,0,0,True,0.058823529411764705,account_churn/account_month,0.02723563934537454,0.12243594490150475,0.95,wilson,,,,,,,,,15466.0,6,0,270420.0,2023-08-01,USD,monthly_recurring_revenue
churn:month:2023-08-01:2023-08-31:industry:Cybersecurity:none,2023-08-01,2023-08-31,registered_at_start,shared,available,,accounts|subscriptions|churn_events,build_monthly_churn:v1,month,industry,Cybersecurity,none,22,22,0,0,0,0,True,0.0,account_churn/account_month,0.0,0.14865487460862095,0.95,wilson,,,,,,,,,0.0,0,0,47209.0,2023-08-01,USD,monthly_recurring_revenue
churn:month:2023-08-01:2023-08-31:industry:DevTools:none,2023-08-01,2023-08-31,registered_at_start,shared,available,,accounts|subscriptions|churn_events,build_monthly_churn:v1,month,industry,DevTools,none,24,24,2,0,0,0,True,0.08333333333333333,account_churn/account_month,0.023158815297043348,0.2584880219321069,0.95,wilson,,,,,,,,,2516.0,2,0,88276.0,2023-08-01,USD,monthly_recurring_revenue
churn:month:2023-08-01:2023-08-31:industry:EdTech:none,2023-08-01,2023-08-31,registered_at_start,shared,available,,accounts|subscriptions|churn_events,build_monthly_churn:v1,month,industry,EdTech,none,13,13,1,0,0,0,True,0.07692307692307693,account_churn/account_month,0.013710421242556586,0.333139509210996,0.95,wilson,,,,,,,,,418.0,1,0,17584.0,2023-08-01,USD,monthly_recurring_revenue
churn:month:2023-08-01:2023-08-31:industry:FinTech:none,2023-08-01,2023-08-31,registered_at_start,shared,available,,accounts|subscriptions|churn_events,build_monthly_churn:v1,month,industry,FinTech,none,20,20,0,0,0,0,True,0.0,account_churn/account_month,0.0,0.1611251580528194,0.95,wilson,,,,,,,,,0.0,0,0,35982.0,2023-08-01,USD,monthly_recurring_revenue
churn:month:2023-08-01:2023-08-31:industry:HealthTech:none,2023-08-01,2023-08-31,registered_at_start,shared,available,,accounts|subscriptions|churn_events,build_monthly_churn:v1,month,industry,HealthTech,none,23,23,3,0,0,0,True,0.13043478260869565,account_churn/account_month,0.04537659093631238,0.32127482270095964,0.95,wilson,,,,,,,,,12532.0,3,0,81369.0,2023-08-01,USD,monthly_recurring_revenue
churn:month:2023-08-01:2023-08-31:country:AU:none,2023-08-01,2023-08-31,registered_at_start,shared,available,,accounts|subscriptions|churn_events,build_monthly_churn:v1,month,country,AU,none,7,7,0,0,0,0,True,0.0,account_churn/account_month,2.7755575615628914e-17,0.3543304350666875,0.95,wilson,,,,,,,,,0.0,0,0,6642.0,2023-08-01,USD,monthly_recurring_revenue
churn:month:2023-08-01:2023-08-31:country:CA:none,2023-08-01,2023-08-31,registered_at_start,shared,available,,accounts|subscriptions|churn_events,build_monthly_churn:v1,month,country,CA,none,1,1,0,0,0,0,True,0.0,account_churn/account_month,0.0,0.7934506856227627,0.95,wilson,,,,,,,,,0.0,0,0,10030.0,2023-08-01,USD,monthly_recurring_revenue
churn:month:2023-08-01:2023-08-31:country:DE:none,2023-08-01,2023-08-31,registered_at_start,shared,available,,accounts|subscriptions|churn_events,build_monthly_churn:v1,month,country,DE,none,10,10,0,0,0,0,True,0.0,account_churn/account_month,0.0,0.27753279986288926,0.95,wilson,,,,,,,,,0.0,0,0,9084.0,2023-08-01,USD,monthly_recurring_revenue
churn:month:2023-08-01:2023-08-31:country:FR:none,2023-08-01,2023-08-31,registered_at_start,shared,available,,accounts|subscriptions|churn_events,build_monthly_churn:v1,month,country,FR,none,2,2,0,0,0,0,True,0.0,account_churn/account_month,0.0,0.657619772493347,0.95,wilson,,,,,,,,,0.0,0,0,10186.0,2023-08-01,USD,monthly_recurring_revenue
churn:month:2023-08-01:2023-08-31:country:IN:none,2023-08-01,2023-08-31,registered_at_start,shared,available,,accounts|subscriptions|churn_events,build_monthly_churn:v1,month,country,IN,none,11,11,0,0,0,0,True,0.0,account_churn/account_month,0.0,0.2588329669680318,0.95,wilson,,,,,,,,,0.0,0,0,27906.0,2023-08-01,USD,monthly_recurring_revenue
churn:month:2023-08-01:2023-08-31:country:UK:none,2023-08-01,2023-08-31,registered_at_start,shared,available,,accounts|subscriptions|churn_events,build_monthly_churn:v1,month,country,UK,none,11,11,2,0,0,0,True,0.18181818181818182,account_churn/account_month,0.051367689746085105,0.47698056196084426,0.95,wilson,,,,,,,,,3143.0,2,0,15658.0,2023-08-01,USD,monthly_recurring_revenue
churn:month:2023-08-01:2023-08-31:country:US:none,2023-08-01,2023-08-31,registered_at_start,shared,available,,accounts|subscriptions|churn_events,build_monthly_churn:v1,month,country,US,none,60,60,4,0,0,0,True,0.06666666666666667,account_churn/account_month,0.0262286987245062,0.1592535731319717,0.95,wilson,,,,,,,,,12323.0,4,0,190914.0,2023-08-01,USD,monthly_recurring_revenue
churn:month:2023-08-01:2023-08-31:referral_source:ads:none,2023-08-01,2023-08-31,registered_at_start,shared,available,,accounts|subscriptions|churn_events,build_monthly_churn:v1,month,referral_source,ads,none,26,26,1,0,0,0,True,0.038461538461538464,account_churn/account_month,0.006821984993543487,0.18892778903034763,0.95,wilson,,,,,,,,,779.0,1,0,74565.0,2023-08-01,USD,monthly_recurring_revenue
churn:month:2023-08-01:2023-08-31:referral_source:event:none,2023-08-01,2023-08-31,registered_at_start,shared,available,,accounts|subscriptions|churn_events,build_monthly_churn:v1,month,referral_source,event,none,19,19,3,0,0,0,True,0.15789473684210525,account_churn/account_month,0.05520471638534141,0.37565475270329085,0.95,wilson,,,,,,,,,11544.0,3,0,33599.0,2023-08-01,USD,monthly_recurring_revenue
churn:month:2023-08-01:2023-08-31:referral_source:organic:none,2023-08-01,2023-08-31,registered_at_start,shared,available,,accounts|subscriptions|churn_events,build_monthly_churn:v1,month,referral_source,organic,none,21,21,1,0,0,0,True,0.047619047619047616,account_churn/account_month,0.008455987809826385,0.2266936007412257,0.95,wilson,,,,,,,,,627.0,1,0,72498.0,2023-08-01,USD,monthly_recurring_revenue
churn:month:2023-08-01:2023-08-31:referral_source:other:none,2023-08-01,2023-08-31,registered_at_start,shared,available,,accounts|subscriptions|churn_events,build_monthly_churn:v1,month,referral_source,other,none,18,18,1,0,0,0,True,0.05555555555555555,account_churn/account_month,0.009875190978303083,0.257573007818726,0.95,wilson,,,,,,,,,2516.0,1,0,44499.0,2023-08-01,USD,monthly_recurring_revenue
churn:month:2023-08-01:2023-08-31:referral_source:partner:none,2023-08-01,2023-08-31,registered_at_start,shared,available,,accounts|subscriptions|churn_events,build_monthly_churn:v1,month,referral_source,partner,none,18,18,0,0,0,0,True,0.0,account_churn/account_month,1.3877787807814457e-17,0.1758792236466577,0.95,wilson,,,,,,,,,0.0,0,0,45259.0,2023-08-01,USD,monthly_recurring_revenue
churn:month:2023-08-01:2023-08-31:plan_tier:Basic:none,2023-08-01,2023-08-31,registered_at_start,shared,available,,accounts|subscriptions|churn_events,build_monthly_churn:v1,month,plan_tier,Basic,none,19,19,4,0,0,0,True,0.21052631578947367,account_churn/account_month,0.0850767663291625,0.4333427844381418,0.95,wilson,,,,,,,,,1824.0,4,0,13452.0,2023-08-01,USD,monthly_recurring_revenue
churn:month:2023-08-01:2023-08-31:plan_tier:Enterprise:none,2023-08-01,2023-08-31,registered_at_start,shared,available,,accounts|subscriptions|churn_events,build_monthly_churn:v1,month,plan_tier,Enterprise,none,10,10,0,0,0,0,True,0.0,account_churn/account_month,0.0,0.27753279986288926,0.95,wilson,,,,,,,,,0.0,0,0,50745.0,2023-08-01,USD,monthly_recurring_revenue
churn:month:2023-08-01:2023-08-31:plan_tier:Pro:none,2023-08-01,2023-08-31,registered_at_start,shared,available,,accounts|subscriptions|churn_events,build_monthly_churn:v1,month,plan_tier,Pro,none,13,13,0,0,0,0,True,0.0,account_churn/account_month,0.0,0.22809537235419847,0.95,wilson,,,,,,,,,0.0,0,0,16268.0,2023-08-01,USD,monthly_recurring_revenue
churn:month:2023-08-01:2023-08-31:plan_tier:mixed:none,2023-08-01,2023-08-31,registered_at_start,shared,available,,accounts|subscriptions|churn_events,build_monthly_churn:v1,month,plan_tier,mixed,none,31,31,2,0,0,0,True,0.06451612903225806,account_churn/account_month,0.01787478352191456,0.2071863673629813,0.95,wilson,,,,,,,,,13642.0,2,0,189955.0,2023-08-01,USD,monthly_recurring_revenue
churn:month:2023-08-01:2023-08-31:plan_tier:unknown:none,2023-08-01,2023-08-31,registered_at_start,shared,available,,accounts|subscriptions|churn_events,build_monthly_churn:v1,month,plan_tier,unknown,none,29,29,0,0,0,0,True,0.0,account_churn/account_month,0.0,0.1169697984997408,0.95,wilson,,,,,,,,,0.0,0,0,0.0,2023-08-01,USD,monthly_recurring_revenue
churn:month:2023-08-01:2023-08-31:billing_frequency:annual:none,2023-08-01,2023-08-31,registered_at_start,shared,available,,accounts|subscriptions|churn_events,build_monthly_churn:v1,month,billing_frequency,annual,none,27,27,2,0,0,0,True,0.07407407407407407,account_churn/account_month,0.020554654060988636,0.23369592683023152,0.95,wilson,,,,,,,,,418.0,2,0,82725.0,2023-08-01,USD,monthly_recurring_revenue
churn:month:2023-08-01:2023-08-31:billing_frequency:mixed:none,2023-08-01,2023-08-31,registered_at_start,shared,available,,accounts|subscriptions|churn_events,build_monthly_churn:v1,month,billing_frequency,mixed,none,29,29,3,0,0,0,True,0.10344827586206896,account_churn/account_month,0.035814891350677044,0.26385081090773804,0.95,wilson,,,,,,,,,14421.0,3,0,165913.0,2023-08-01,USD,monthly_recurring_revenue
churn:month:2023-08-01:2023-08-31:billing_frequency:monthly:none,2023-08-01,2023-08-31,registered_at_start,shared,available,,accounts|subscriptions|churn_events,build_monthly_churn:v1,month,billing_frequency,monthly,none,17,17,1,0,0,0,True,0.058823529411764705,account_churn/account_month,0.010460400984997592,0.26982030637575405,0.95,wilson,,,,,,,,,627.0,1,0,21782.0,2023-08-01,USD,monthly_recurring_revenue
churn:month:2023-08-01:2023-08-31:billing_frequency:unknown:none,2023-08-01,2023-08-31,registered_at_start,shared,available,,accounts|subscriptions|churn_events,build_monthly_churn:v1,month,billing_frequency,unknown,none,29,29,0,0,0,0,True,0.0,account_churn/account_month,0.0,0.1169697984997408,0.95,wilson,,,,,,,,,0.0,0,0,0.0,2023-08-01,USD,monthly_recurring_revenue
churn:month:2023-08-01:2023-08-31:is_trial:False:none,2023-08-01,2023-08-31,registered_at_start,shared,available,,accounts|subscriptions|churn_events,build_monthly_churn:v1,month,is_trial,False,none,49,49,4,0,0,0,True,0.08163265306122448,account_churn/account_month,0.03220281766776367,0.1918912759657129,0.95,wilson,,,,,,,,,14687.0,4,0,208971.0,2023-08-01,USD,monthly_recurring_revenue
churn:month:2023-08-01:2023-08-31:is_trial:True:none,2023-08-01,2023-08-31,registered_at_start,shared,available,,accounts|subscriptions|churn_events,build_monthly_churn:v1,month,is_trial,True,none,9,9,1,0,0,0,True,0.1111111111111111,account_churn/account_month,0.019890887638544935,0.4349997055766561,0.95,wilson,,,,,,,,,0.0,1,0,0.0,2023-08-01,USD,monthly_recurring_revenue
churn:month:2023-08-01:2023-08-31:is_trial:mixed:none,2023-08-01,2023-08-31,registered_at_start,shared,available,,accounts|subscriptions|churn_events,build_monthly_churn:v1,month,is_trial,mixed,none,15,15,1,0,0,0,True,0.06666666666666667,account_churn/account_month,0.011866895493268553,0.2981652987378003,0.95,wilson,,,,,,,,,779.0,1,0,61449.0,2023-08-01,USD,monthly_recurring_revenue
churn:month:2023-08-01:2023-08-31:is_trial:unknown:none,2023-08-01,2023-08-31,registered_at_start,shared,available,,accounts|subscriptions|churn_events,build_monthly_churn:v1,month,is_trial,unknown,none,29,29,0,0,0,0,True,0.0,account_churn/account_month,0.0,0.1169697984997408,0.95,wilson,,,,,,,,,0.0,0,0,0.0,2023-08-01,USD,monthly_recurring_revenue
churn:month:2023-08-01:2023-08-31:mrr_band:high:none,2023-08-01,2023-08-31,registered_at_start,shared,available,,accounts|subscriptions|churn_events,build_monthly_churn:v1,month,mrr_band,high,none,35,35,2,0,0,0,True,0.05714285714285714,account_churn/account_month,0.01581316185710864,0.18607057420164924,0.95,wilson,,,,,,,,,13642.0,2,0,247960.0,2023-08-01,USD,monthly_recurring_revenue
churn:month:2023-08-01:2023-08-31:mrr_band:low:none,2023-08-01,2023-08-31,registered_at_start,shared,available,,accounts|subscriptions|churn_events,build_monthly_churn:v1,month,mrr_band,low,none,48,48,2,0,0,0,True,0.041666666666666664,account_churn/account_month,0.011501893489386586,0.1397565587045545,0.95,wilson,,,,,,,,,418.0,2,0,2874.0,2023-08-01,USD,monthly_recurring_revenue
churn:month:2023-08-01:2023-08-31:mrr_band:mid:none,2023-08-01,2023-08-31,registered_at_start,shared,available,,accounts|subscriptions|churn_events,build_monthly_churn:v1,month,mrr_band,mid,none,19,19,2,0,0,0,True,0.10526315789473684,account_churn/account_month,0.029358560298870157,0.31394082711109017,0.95,wilson,,,,,,,,,1406.0,2,0,19586.0,2023-08-01,USD,monthly_recurring_revenue
churn:month:2023-09-01:2023-09-30:all:all:none,2023-09-01,2023-09-30,registered_at_start,shared,available,,accounts|subscriptions|churn_events,build_monthly_churn:v1,month,all,all,none,112,112,4,23,0,1,True,0.03571428571428571,account_churn/account_month,0.013974612394676886,0.08824663845319959,0.95,wilson,,,,,,,,,9822.0,4,0,411852.0,2023-09-01,USD,monthly_recurring_revenue
churn:month:2023-09-01:2023-09-30:industry:Cybersecurity:none,2023-09-01,2023-09-30,registered_at_start,shared,available,,accounts|subscriptions|churn_events,build_monthly_churn:v1,month,industry,Cybersecurity,none,22,22,0,0,0,0,True,0.0,account_churn/account_month,0.0,0.14865487460862095,0.95,wilson,,,,,,,,,0.0,0,0,71229.0,2023-09-01,USD,monthly_recurring_revenue
churn:month:2023-09-01:2023-09-30:industry:DevTools:none,2023-09-01,2023-09-30,registered_at_start,shared,available,,accounts|subscriptions|churn_events,build_monthly_churn:v1,month,industry,DevTools,none,28,28,3,0,0,0,True,0.10714285714285714,account_churn/account_month,0.03711836682929999,0.2719585154867216,0.95,wilson,,,,,,,,,7125.0,3,0,109805.0,2023-09-01,USD,monthly_recurring_revenue
churn:month:2023-09-01:2023-09-30:industry:EdTech:none,2023-09-01,2023-09-30,registered_at_start,shared,available,,accounts|subscriptions|churn_events,build_monthly_churn:v1,month,industry,EdTech,none,13,13,0,0,0,0,True,0.0,account_churn/account_month,0.0,0.22809537235419847,0.95,wilson,,,,,,,,,0.0,0,0,26350.0,2023-09-01,USD,monthly_recurring_revenue
churn:month:2023-09-01:2023-09-30:industry:FinTech:none,2023-09-01,2023-09-30,registered_at_start,shared,available,,accounts|subscriptions|churn_events,build_monthly_churn:v1,month,industry,FinTech,none,25,25,0,0,0,0,True,0.0,account_churn/account_month,0.0,0.13319225093904855,0.95,wilson,,,,,,,,,0.0,0,0,77533.0,2023-09-01,USD,monthly_recurring_revenue
churn:month:2023-09-01:2023-09-30:industry:HealthTech:none,2023-09-01,2023-09-30,registered_at_start,shared,available,,accounts|subscriptions|churn_events,build_monthly_churn:v1,month,industry,HealthTech,none,24,24,1,0,0,0,True,0.041666666666666664,account_churn/account_month,0.007393456165505796,0.20241806478655947,0.95,wilson,,,,,,,,,2697.0,1,0,126935.0,2023-09-01,USD,monthly_recurring_revenue
churn:month:2023-09-01:2023-09-30:country:AU:none,2023-09-01,2023-09-30,registered_at_start,shared,available,,accounts|subscriptions|churn_events,build_monthly_churn:v1,month,country,AU,none,8,8,0,0,0,0,True,0.0,account_churn/account_month,0.0,0.32440756488388034,0.95,wilson,,,,,,,,,0.0,0,0,14187.0,2023-09-01,USD,monthly_recurring_revenue
churn:month:2023-09-01:2023-09-30:country:CA:none,2023-09-01,2023-09-30,registered_at_start,shared,available,,accounts|subscriptions|churn_events,build_monthly_churn:v1,month,country,CA,none,4,4,0,0,0,0,True,0.0,account_churn/account_month,0.0,0.4898908364545974,0.95,wilson,,,,,,,,,0.0,0,0,24511.0,2023-09-01,USD,monthly_recurring_revenue
churn:month:2023-09-01:2023-09-30:country:DE:none,2023-09-01,2023-09-30,registered_at_start,shared,available,,accounts|subscriptions|churn_events,build_monthly_churn:v1,month,country,DE,none,11,11,1,0,0,0,True,0.09090909090909091,account_churn/account_month,0.016232172885884855,0.3773584364515957,0.95,wilson,,,,,,,,,0.0,1,0,11044.0,2023-09-01,USD,monthly_recurring_revenue
churn:month:2023-09-01:2023-09-30:country:FR:none,2023-09-01,2023-09-30,registered_at_start,shared,available,,accounts|subscriptions|churn_events,build_monthly_churn:v1,month,country,FR,none,2,2,0,0,0,0,True,0.0,account_churn/account_month,0.0,0.657619772493347,0.95,wilson,,,,,,,,,0.0,0,0,16692.0,2023-09-01,USD,monthly_recurring_revenue
churn:month:2023-09-01:2023-09-30:country:IN:none,2023-09-01,2023-09-30,registered_at_start,shared,available,,accounts|subscriptions|churn_events,build_monthly_churn:v1,month,country,IN,none,12,12,0,0,0,0,True,0.0,account_churn/account_month,0.0,0.24249400665524096,0.95,wilson,,,,,,,,,0.0,0,0,59692.0,2023-09-01,USD,monthly_recurring_revenue
churn:month:2023-09-01:2023-09-30:country:UK:none,2023-09-01,2023-09-30,registered_at_start,shared,available,,accounts|subscriptions|churn_events,build_monthly_churn:v1,month,country,UK,none,15,15,0,0,0,0,True,0.0,account_churn/account_month,0.0,0.20388330103584867,0.95,wilson,,,,,,,,,0.0,0,0,56178.0,2023-09-01,USD,monthly_recurring_revenue
churn:month:2023-09-01:2023-09-30:country:US:none,2023-09-01,2023-09-30,registered_at_start,shared,available,,accounts|subscriptions|churn_events,build_monthly_churn:v1,month,country,US,none,60,60,3,0,0,0,True,0.05,account_churn/account_month,0.017149502164395668,0.1370051647634852,0.95,wilson,,,,,,,,,9822.0,3,0,229548.0,2023-09-01,USD,monthly_recurring_revenue
churn:month:2023-09-01:2023-09-30:referral_source:ads:none,2023-09-01,2023-09-30,registered_at_start,shared,available,,accounts|subscriptions|churn_events,build_monthly_churn:v1,month,referral_source,ads,none,28,28,2,0,0,0,True,0.07142857142857142,account_churn/account_month,0.019812064115305714,0.22645362568399058,0.95,wilson,,,,,,,,,2697.0,2,0,115576.0,2023-09-01,USD,monthly_recurring_revenue
churn:month:2023-09-01:2023-09-30:referral_source:event:none,2023-09-01,2023-09-30,registered_at_start,shared,available,,accounts|subscriptions|churn_events,build_monthly_churn:v1,month,referral_source,event,none,20,20,0,0,0,0,True,0.0,account_churn/account_month,0.0,0.1611251580528194,0.95,wilson,,,,,,,,,0.0,0,0,52245.0,2023-09-01,USD,monthly_recurring_revenue
churn:month:2023-09-01:2023-09-30:referral_source:organic:none,2023-09-01,2023-09-30,registered_at_start,shared,available,,accounts|subscriptions|churn_events,build_monthly_churn:v1,month,referral_source,organic,none,21,21,1,0,0,0,True,0.047619047619047616,account_churn/account_month,0.008455987809826385,0.2266936007412257,0.95,wilson,,,,,,,,,6562.0,1,0,96356.0,2023-09-01,USD,monthly_recurring_revenue
churn:month:2023-09-01:2023-09-30:referral_source:other:none,2023-09-01,2023-09-30,registered_at_start,shared,available,,accounts|subscriptions|churn_events,build_monthly_churn:v1,month,referral_source,other,none,22,22,1,0,0,0,True,0.045454545454545456,account_churn/account_month,0.008069427621263836,0.2179804583865734,0.95,wilson,,,,,,,,,563.0,1,0,56918.0,2023-09-01,USD,monthly_recurring_revenue
churn:month:2023-09-01:2023-09-30:referral_source:partner:none,2023-09-01,2023-09-30,registered_at_start,shared,available,,accounts|subscriptions|churn_events,build_monthly_churn:v1,month,referral_source,partner,none,21,21,0,0,0,0,True,0.0,account_churn/account_month,0.0,0.154639018924847,0.95,wilson,,,,,,,,,0.0,0,0,90757.0,2023-09-01,USD,monthly_recurring_revenue
churn:month:2023-09-01:2023-09-30:plan_tier:Basic:none,2023-09-01,2023-09-30,registered_at_start,shared,available,,accounts|subscriptions|churn_events,build_monthly_churn:v1,month,plan_tier,Basic,none,18,18,0,0,0,0,True,0.0,account_churn/account_month,1.3877787807814457e-17,0.1758792236466577,0.95,wilson,,,,,,,,,0.0,0,0,13528.0,2023-09-01,USD,monthly_recurring_revenue
churn:month:2023-09-01:2023-09-30:plan_tier:Enterprise:none,2023-09-01,2023-09-30,registered_at_start,shared,available,,accounts|subscriptions|churn_events,build_monthly_churn:v1,month,plan_tier,Enterprise,none,11,11,0,0,0,0,True,0.0,account_churn/account_month,0.0,0.2588329669680318,0.95,wilson,,,,,,,,,0.0,0,0,60496.0,2023-09-01,USD,monthly_recurring_revenue
churn:month:2023-09-01:2023-09-30:plan_tier:Pro:none,2023-09-01,2023-09-30,registered_at_start,shared,available,,accounts|subscriptions|churn_events,build_monthly_churn:v1,month,plan_tier,Pro,none,17,17,0,0,0,0,True,0.0,account_churn/account_month,0.0,0.18431813500885186,0.95,wilson,,,,,,,,,0.0,0,0,20580.0,2023-09-01,USD,monthly_recurring_revenue
churn:month:2023-09-01:2023-09-30:plan_tier:mixed:none,2023-09-01,2023-09-30,registered_at_start,shared,available,,accounts|subscriptions|churn_events,build_monthly_churn:v1,month,plan_tier,mixed,none,45,45,3,0,0,0,True,0.06666666666666667,account_churn/account_month,0.022932032599250987,0.17856601963591895,0.95,wilson,,,,,,,,,9822.0,3,0,317248.0,2023-09-01,USD,monthly_recurring_revenue
churn:month:2023-09-01:2023-09-30:plan_tier:unknown:none,2023-09-01,2023-09-30,registered_at_start,shared,available,,accounts|subscriptions|churn_events,build_monthly_churn:v1,month,plan_tier,unknown,none,21,21,1,0,0,0,True,0.047619047619047616,account_churn/account_month,0.008455987809826385,0.2266936007412257,0.95,wilson,,,,,,,,,0.0,1,0,0.0,2023-09-01,USD,monthly_recurring_revenue
churn:month:2023-09-01:2023-09-30:billing_frequency:annual:none,2023-09-01,2023-09-30,registered_at_start,shared,available,,accounts|subscriptions|churn_events,build_monthly_churn:v1,month,billing_frequency,annual,none,30,30,0,0,0,0,True,0.0,account_churn/account_month,0.0,0.1135133931739688,0.95,wilson,,,,,,,,,0.0,0,0,90957.0,2023-09-01,USD,monthly_recurring_revenue
churn:month:2023-09-01:2023-09-30:billing_frequency:mixed:none,2023-09-01,2023-09-30,registered_at_start,shared,available,,accounts|subscriptions|churn_events,build_monthly_churn:v1,month,billing_frequency,mixed,none,39,39,3,0,0,0,True,0.07692307692307693,account_churn/account_month,0.026507395303779754,0.20321071167954996,0.95,wilson,,,,,,,,,9822.0,3,0,259311.0,2023-09-01,USD,monthly_recurring_revenue
churn:month:2023-09-01:2023-09-30:billing_frequency:monthly:none,2023-09-01,2023-09-30,registered_at_start,shared,available,,accounts|subscriptions|churn_events,build_monthly_churn:v1,month,billing_frequency,monthly,none,22,22,0,0,0,0,True,0.0,account_churn/account_month,0.0,0.14865487460862095,0.95,wilson,,,,,,,,,0.0,0,0,61584.0,2023-09-01,USD,monthly_recurring_revenue
churn:month:2023-09-01:2023-09-30:billing_frequency:unknown:none,2023-09-01,2023-09-30,registered_at_start,shared,available,,accounts|subscriptions|churn_events,build_monthly_churn:v1,month,billing_frequency,unknown,none,21,21,1,0,0,0,True,0.047619047619047616,account_churn/account_month,0.008455987809826385,0.2266936007412257,0.95,wilson,,,,,,,,,0.0,1,0,0.0,2023-09-01,USD,monthly_recurring_revenue
churn:month:2023-09-01:2023-09-30:is_trial:False:none,2023-09-01,2023-09-30,registered_at_start,shared,available,,accounts|subscriptions|churn_events,build_monthly_churn:v1,month,is_trial,False,none,58,58,2,0,0,0,True,0.034482758620689655,account_churn/account_month,0.009507928331165406,0.11729145464312699,0.95,wilson,,,,,,,,,3260.0,2,0,259725.0,2023-09-01,USD,monthly_recurring_revenue
churn:month:2023-09-01:2023-09-30:is_trial:True:none,2023-09-01,2023-09-30,registered_at_start,shared,available,,accounts|subscriptions|churn_events,build_monthly_churn:v1,month,is_trial,True,none,9,9,0,0,0,0,True,0.0,account_churn/account_month,2.7755575615628914e-17,0.29914504841954415,0.95,wilson,,,,,,,,,0.0,0,0,0.0,2023-09-01,USD,monthly_recurring_revenue
churn:month:2023-09-01:2023-09-30:is_trial:mixed:none,2023-09-01,2023-09-30,registered_at_start,shared,available,,accounts|subscriptions|churn_events,build_monthly_churn:v1,month,is_trial,mixed,none,24,24,1,0,0,0,True,0.041666666666666664,account_churn/account_month,0.007393456165505796,0.20241806478655947,0.95,wilson,,,,,,,,,6562.0,1,0,152127.0,2023-09-01,USD,monthly_recurring_revenue
churn:month:2023-09-01:2023-09-30:is_trial:unknown:none,2023-09-01,2023-09-30,registered_at_start,shared,available,,accounts|subscriptions|churn_events,build_monthly_churn:v1,month,is_trial,unknown,none,21,21,1,0,0,0,True,0.047619047619047616,account_churn/account_month,0.008455987809826385,0.2266936007412257,0.95,wilson,,,,,,,,,0.0,1,0,0.0,2023-09-01,USD,monthly_recurring_revenue
churn:month:2023-09-01:2023-09-30:mrr_band:high:none,2023-09-01,2023-09-30,registered_at_start,shared,available,,accounts|subscriptions|churn_events,build_monthly_churn:v1,month,mrr_band,high,none,49,49,2,0,0,0,True,0.04081632653061224,account_churn/account_month,0.011265633366185801,0.1371303230608007,0.95,wilson,,,,,,,,,9259.0,2,0,386543.0,2023-09-01,USD,monthly_recurring_revenue
churn:month:2023-09-01:2023-09-30:mrr_band:low:none,2023-09-01,2023-09-30,registered_at_start,shared,available,,accounts|subscriptions|churn_events,build_monthly_churn:v1,month,mrr_band,low,none,42,42,1,0,0,0,True,0.023809523809523808,account_churn/account_month,0.004215404134432506,0.12321201573766649,0.95,wilson,,,,,,,,,0.0,1,0,3192.0,2023-09-01,USD,monthly_recurring_revenue
churn:month:2023-09-01:2023-09-30:mrr_band:mid:none,2023-09-01,2023-09-30,registered_at_start,shared,available,,accounts|subscriptions|churn_events,build_monthly_churn:v1,month,mrr_band,mid,none,21,21,1,0,0,0,True,0.047619047619047616,account_churn/account_month,0.008455987809826385,0.2266936007412257,0.95,wilson,,,,,,,,,563.0,1,0,22117.0,2023-09-01,USD,monthly_recurring_revenue
churn:month:2023-10-01:2023-10-31:all:all:none,2023-10-01,2023-10-31,registered_at_start,shared,available,,accounts|subscriptions|churn_events,build_monthly_churn:v1,month,all,all,none,131,131,5,20,1,3,True,0.03816793893129771,account_churn/account_month,0.01641133346922262,0.08623854099631438,0.95,wilson,,,,,,,,,25189.0,5,0,475028.0,2023-10-01,USD,monthly_recurring_revenue
churn:month:2023-10-01:2023-10-31:industry:Cybersecurity:none,2023-10-01,2023-10-31,registered_at_start,shared,available,,accounts|subscriptions|churn_events,build_monthly_churn:v1,month,industry,Cybersecurity,none,25,25,3,0,0,0,True,0.12,account_churn/account_month,0.04166817150440355,0.2995579392092733,0.95,wilson,,,,,,,,,25189.0,3,0,78395.0,2023-10-01,USD,monthly_recurring_revenue
churn:month:2023-10-01:2023-10-31:industry:DevTools:none,2023-10-01,2023-10-31,registered_at_start,shared,available,,accounts|subscriptions|churn_events,build_monthly_churn:v1,month,industry,DevTools,none,29,29,0,0,0,0,True,0.0,account_churn/account_month,0.0,0.1169697984997408,0.95,wilson,,,,,,,,,0.0,0,0,140009.0,2023-10-01,USD,monthly_recurring_revenue
churn:month:2023-10-01:2023-10-31:industry:EdTech:none,2023-10-01,2023-10-31,registered_at_start,shared,available,,accounts|subscriptions|churn_events,build_monthly_churn:v1,month,industry,EdTech,none,14,14,0,0,0,0,True,0.0,account_churn/account_month,2.7755575615628914e-17,0.21531080273763586,0.95,wilson,,,,,,,,,0.0,0,0,37903.0,2023-10-01,USD,monthly_recurring_revenue
churn:month:2023-10-01:2023-10-31:industry:FinTech:none,2023-10-01,2023-10-31,registered_at_start,shared,available,,accounts|subscriptions|churn_events,build_monthly_churn:v1,month,industry,FinTech,none,36,36,2,0,0,0,True,0.05555555555555555,account_churn/account_month,0.015369986664161839,0.18144657208647258,0.95,wilson,,,,,,,,,0.0,2,0,88875.0,2023-10-01,USD,monthly_recurring_revenue
churn:month:2023-10-01:2023-10-31:industry:HealthTech:none,2023-10-01,2023-10-31,registered_at_start,shared,available,,accounts|subscriptions|churn_events,build_monthly_churn:v1,month,industry,HealthTech,none,27,27,0,0,0,0,True,0.0,account_churn/account_month,0.0,0.12455502974186713,0.95,wilson,,,,,,,,,0.0,0,0,129846.0,2023-10-01,USD,monthly_recurring_revenue
churn:month:2023-10-01:2023-10-31:country:AU:none,2023-10-01,2023-10-31,registered_at_start,shared,available,,accounts|subscriptions|churn_events,build_monthly_churn:v1,month,country,AU,none,10,10,0,0,0,0,True,0.0,account_churn/account_month,0.0,0.27753279986288926,0.95,wilson,,,,,,,,,0.0,0,0,20767.0,2023-10-01,USD,monthly_recurring_revenue
churn:month:2023-10-01:2023-10-31:country:CA:none,2023-10-01,2023-10-31,registered_at_start,shared,available,,accounts|subscriptions|churn_events,build_monthly_churn:v1,month,country,CA,none,9,9,2,0,0,0,True,0.2222222222222222,account_churn/account_month,0.06322510711784671,0.5474110308930111,0.95,wilson,,,,,,,,,0.0,2,0,31175.0,2023-10-01,USD,monthly_recurring_revenue
churn:month:2023-10-01:2023-10-31:country:DE:none,2023-10-01,2023-10-31,registered_at_start,shared,available,,accounts|subscriptions|churn_events,build_monthly_churn:v1,month,country,DE,none,10,10,0,0,0,0,True,0.0,account_churn/account_month,0.0,0.27753279986288926,0.95,wilson,,,,,,,,,0.0,0,0,12007.0,2023-10-01,USD,monthly_recurring_revenue
churn:month:2023-10-01:2023-10-31:country:FR:none,2023-10-01,2023-10-31,registered_at_start,shared,available,,accounts|subscriptions|churn_events,build_monthly_churn:v1,month,country,FR,none,3,3,0,0,0,0,True,0.0,account_churn/account_month,0.0,0.5614970317550455,0.95,wilson,,,,,,,,,0.0,0,0,16692.0,2023-10-01,USD,monthly_recurring_revenue
churn:month:2023-10-01:2023-10-31:country:IN:none,2023-10-01,2023-10-31,registered_at_start,shared,available,,accounts|subscriptions|churn_events,build_monthly_churn:v1,month,country,IN,none,14,14,1,0,0,0,True,0.07142857142857142,account_churn/account_month,0.012722215247890939,0.3146870442415113,0.95,wilson,,,,,,,,,4085.0,1,0,60110.0,2023-10-01,USD,monthly_recurring_revenue
churn:month:2023-10-01:2023-10-31:country:UK:none,2023-10-01,2023-10-31,registered_at_start,shared,available,,accounts|subscriptions|churn_events,build_monthly_churn:v1,month,country,UK,none,16,16,1,0,0,0,True,0.0625,account_churn/account_month,0.011119344764642547,0.28328737570298945,0.95,wilson,,,,,,,,,19634.0,1,0,61845.0,2023-10-01,USD,monthly_recurring_revenue
churn:month:2023-10-01:2023-10-31:country:US:none,2023-10-01,2023-10-31,registered_at_start,shared,available,,accounts|subscriptions|churn_events,build_monthly_churn:v1,month,country,US,none,69,69,1,0,0,0,True,0.014492753623188406,account_churn/account_month,0.00256292464458846,0.0776312246114473,0.95,wilson,,,,,,,,,1470.0,1,0,272432.0,2023-10-01,USD,monthly_recurring_revenue
churn:month:2023-10-01:2023-10-31:referral_source:ads:none,2023-10-01,2023-10-31,registered_at_start,shared,available,,accounts|subscriptions|churn_events,build_monthly_churn:v1,month,referral_source,ads,none,30,30,0,0,0,0,True,0.0,account_churn/account_month,0.0,0.1135133931739688,0.95,wilson,,,,,,,,,0.0,0,0,121581.0,2023-10-01,USD,monthly_recurring_revenue
churn:month:2023-10-01:2023-10-31:referral_source:event:none,2023-10-01,2023-10-31,registered_at_start,shared,available,,accounts|subscriptions|churn_events,build_monthly_churn:v1,month,referral_source,event,none,23,23,0,0,0,0,True,0.0,account_churn/account_month,0.0,0.1431166184504269,0.95,wilson,,,,,,,,,0.0,0,0,81803.0,2023-10-01,USD,monthly_recurring_revenue
churn:month:2023-10-01:2023-10-31:referral_source:organic:none,2023-10-01,2023-10-31,registered_at_start,shared,available,,accounts|subscriptions|churn_events,build_monthly_churn:v1,month,referral_source,organic,none,27,27,2,0,0,0,True,0.07407407407407407,account_churn/account_month,0.020554654060988636,0.23369592683023152,0.95,wilson,,,,,,,,,21104.0,2,0,107475.0,2023-10-01,USD,monthly_recurring_revenue
churn:month:2023-10-01:2023-10-31:referral_source:other:none,2023-10-01,2023-10-31,registered_at_start,shared,available,,accounts|subscriptions|churn_events,build_monthly_churn:v1,month,referral_source,other,none,26,26,3,0,0,0,True,0.11538461538461539,account_churn/account_month,0.040032446236106134,0.28975903211713644,0.95,wilson,,,,,,,,,4085.0,3,0,63531.0,2023-10-01,USD,monthly_recurring_revenue
churn:month:2023-10-01:2023-10-31:referral_source:partner:none,2023-10-01,2023-10-31,registered_at_start,shared,available,,accounts|subscriptions|churn_events,build_monthly_churn:v1,month,referral_source,partner,none,25,25,0,0,0,0,True,0.0,account_churn/account_month,0.0,0.13319225093904855,0.95,wilson,,,,,,,,,0.0,0,0,100638.0,2023-10-01,USD,monthly_recurring_revenue
churn:month:2023-10-01:2023-10-31:plan_tier:Basic:none,2023-10-01,2023-10-31,registered_at_start,shared,available,,accounts|subscriptions|churn_events,build_monthly_churn:v1,month,plan_tier,Basic,none,15,15,0,0,0,0,True,0.0,account_churn/account_month,0.0,0.20388330103584867,0.95,wilson,,,,,,,,,0.0,0,0,10583.0,2023-10-01,USD,monthly_recurring_revenue
churn:month:2023-10-01:2023-10-31:plan_tier:Enterprise:none,2023-10-01,2023-10-31,registered_at_start,shared,available,,accounts|subscriptions|churn_events,build_monthly_churn:v1,month,plan_tier,Enterprise,none,13,13,0,0,0,0,True,0.0,account_churn/account_month,0.0,0.22809537235419847,0.95,wilson,,,,,,,,,0.0,0,0,69053.0,2023-10-01,USD,monthly_recurring_revenue
churn:month:2023-10-01:2023-10-31:plan_tier:Pro:none,2023-10-01,2023-10-31,registered_at_start,shared,available,,accounts|subscriptions|churn_events,build_monthly_churn:v1,month,plan_tier,Pro,none,21,21,1,0,0,0,True,0.047619047619047616,account_churn/account_month,0.008455987809826385,0.2266936007412257,0.95,wilson,,,,,,,,,1470.0,1,0,25431.0,2023-10-01,USD,monthly_recurring_revenue
churn:month:2023-10-01:2023-10-31:plan_tier:mixed:none,2023-10-01,2023-10-31,registered_at_start,shared,available,,accounts|subscriptions|churn_events,build_monthly_churn:v1,month,plan_tier,mixed,none,53,53,2,0,0,0,True,0.03773584905660377,account_churn/account_month,0.01041028727582683,0.1275428719741836,0.95,wilson,,,,,,,,,23719.0,2,0,369961.0,2023-10-01,USD,monthly_recurring_revenue
churn:month:2023-10-01:2023-10-31:plan_tier:unknown:none,2023-10-01,2023-10-31,registered_at_start,shared,available,,accounts|subscriptions|churn_events,build_monthly_churn:v1,month,plan_tier,unknown,none,29,29,2,0,0,0,True,0.06896551724137931,account_churn/account_month,0.019121266169433368,0.21964580150275698,0.95,wilson,,,,,,,,,0.0,2,0,0.0,2023-10-01,USD,monthly_recurring_revenue
churn:month:2023-10-01:2023-10-31:billing_frequency:annual:none,2023-10-01,2023-10-31,registered_at_start,shared,available,,accounts|subscriptions|churn_events,build_monthly_churn:v1,month,billing_frequency,annual,none,30,30,0,0,0,0,True,0.0,account_churn/account_month,0.0,0.1135133931739688,0.95,wilson,,,,,,,,,0.0,0,0,107874.0,2023-10-01,USD,monthly_recurring_revenue
churn:month:2023-10-01:2023-10-31:billing_frequency:mixed:none,2023-10-01,2023-10-31,registered_at_start,shared,available,,accounts|subscriptions|churn_events,build_monthly_churn:v1,month,billing_frequency,mixed,none,47,47,1,0,0,0,True,0.02127659574468085,account_churn/account_month,0.003765768038596795,0.11112981041629333,0.95,wilson,,,,,,,,,4085.0,1,0,294880.0,2023-10-01,USD,monthly_recurring_revenue
churn:month:2023-10-01:2023-10-31:billing_frequency:monthly:none,2023-10-01,2023-10-31,registered_at_start,shared,available,,accounts|subscriptions|churn_events,build_monthly_churn:v1,month,billing_frequency,monthly,none,25,25,2,0,0,0,True,0.08,account_churn/account_month,0.02222040128484759,0.24966108950395322,0.95,wilson,,,,,,,,,21104.0,2,0,72274.0,2023-10-01,USD,monthly_recurring_revenue
churn:month:2023-10-01:2023-10-31:billing_frequency:unknown:none,2023-10-01,2023-10-31,registered_at_start,shared,available,,accounts|subscriptions|churn_events,build_monthly_churn:v1,month,billing_frequency,unknown,none,29,29,2,0,0,0,True,0.06896551724137931,account_churn/account_month,0.019121266169433368,0.21964580150275698,0.95,wilson,,,,,,,,,0.0,2,0,0.0,2023-10-01,USD,monthly_recurring_revenue
churn:month:2023-10-01:2023-10-31:is_trial:False:none,2023-10-01,2023-10-31,registered_at_start,shared,available,,accounts|subscriptions|churn_events,build_monthly_churn:v1,month,is_trial,False,none,62,62,2,0,0,0,True,0.03225806451612903,account_churn/account_month,0.008891371499816628,0.11020469594985442,0.95,wilson,,,,,,,,,21104.0,2,0,301014.0,2023-10-01,USD,monthly_recurring_revenue
churn:month:2023-10-01:2023-10-31:is_trial:True:none,2023-10-01,2023-10-31,registered_at_start,shared,available,,accounts|subscriptions|churn_events,build_monthly_churn:v1,month,is_trial,True,none,11,11,0,0,0,0,True,0.0,account_churn/account_month,0.0,0.2588329669680318,0.95,wilson,,,,,,,,,0.0,0,0,0.0,2023-10-01,USD,monthly_recurring_revenue
churn:month:2023-10-01:2023-10-31:is_trial:mixed:none,2023-10-01,2023-10-31,registered_at_start,shared,available,,accounts|subscriptions|churn_events,build_monthly_churn:v1,month,is_trial,mixed,none,29,29,1,0,0,0,True,0.034482758620689655,account_churn/account_month,0.006113214292762667,0.17175521879320294,0.95,wilson,,,,,,,,,4085.0,1,0,174014.0,2023-10-01,USD,monthly_recurring_revenue
churn:month:2023-10-01:2023-10-31:is_trial:unknown:none,2023-10-01,2023-10-31,registered_at_start,shared,available,,accounts|subscriptions|churn_events,build_monthly_churn:v1,month,is_trial,unknown,none,29,29,2,0,0,0,True,0.06896551724137931,account_churn/account_month,0.019121266169433368,0.21964580150275698,0.95,wilson,,,,,,,,,0.0,2,0,0.0,2023-10-01,USD,monthly_recurring_revenue
churn:month:2023-10-01:2023-10-31:mrr_band:high:none,2023-10-01,2023-10-31,registered_at_start,shared,available,,accounts|subscriptions|churn_events,build_monthly_churn:v1,month,mrr_band,high,none,57,57,2,0,0,0,True,0.03508771929824561,account_churn/account_month,0.009675664344932874,0.11920781367625809,0.95,wilson,,,,,,,,,23719.0,2,0,445262.0,2023-10-01,USD,monthly_recurring_revenue
churn:month:2023-10-01:2023-10-31:mrr_band:low:none,2023-10-01,2023-10-31,registered_at_start,shared,available,,accounts|subscriptions|churn_events,build_monthly_churn:v1,month,mrr_band,low,none,50,50,2,0,0,0,True,0.04,account_churn/account_month,0.011038884327619819,0.13460090687507023,0.95,wilson,,,,,,,,,0.0,2,0,2837.0,2023-10-01,USD,monthly_recurring_revenue
churn:month:2023-10-01:2023-10-31:mrr_band:mid:none,2023-10-01,2023-10-31,registered_at_start,shared,available,,accounts|subscriptions|churn_events,build_monthly_churn:v1,month,mrr_band,mid,none,24,24,1,0,0,0,True,0.041666666666666664,account_churn/account_month,0.007393456165505796,0.20241806478655947,0.95,wilson,,,,,,,,,1470.0,1,0,26929.0,2023-10-01,USD,monthly_recurring_revenue
churn:month:2023-11-01:2023-11-30:all:all:none,2023-11-01,2023-11-30,registered_at_start,shared,available,,accounts|subscriptions|churn_events,build_monthly_churn:v1,month,all,all,none,145,145,10,25,0,0,True,0.06896551724137931,account_churn/account_month,0.03788895327564536,0.12229127479787401,0.95,wilson,,,,,,,,,13012.0,10,0,581302.0,2023-11-01,USD,monthly_recurring_revenue
churn:month:2023-11-01:2023-11-30:industry:Cybersecurity:none,2023-11-01,2023-11-30,registered_at_start,shared,available,,accounts|subscriptions|churn_events,build_monthly_churn:v1,month,industry,Cybersecurity,none,25,25,3,0,0,0,True,0.12,account_churn/account_month,0.04166817150440355,0.2995579392092733,0.95,wilson,,,,,,,,,4351.0,3,0,60569.0,2023-11-01,USD,monthly_recurring_revenue
churn:month:2023-11-01:2023-11-30:industry:DevTools:none,2023-11-01,2023-11-30,registered_at_start,shared,available,,accounts|subscriptions|churn_events,build_monthly_churn:v1,month,industry,DevTools,none,33,33,2,0,0,0,True,0.06060606060606061,account_churn/account_month,0.016780883087191875,0.19606244808647816,0.95,wilson,,,,,,,,,0.0,2,0,174485.0,2023-11-01,USD,monthly_recurring_revenue
churn:month:2023-11-01:2023-11-30:industry:EdTech:none,2023-11-01,2023-11-30,registered_at_start,shared,available,,accounts|subscriptions|churn_events,build_monthly_churn:v1,month,industry,EdTech,none,16,16,2,0,0,0,True,0.125,account_churn/account_month,0.03497748774324044,0.36022827265758695,0.95,wilson,,,,,,,,,5255.0,2,0,50563.0,2023-11-01,USD,monthly_recurring_revenue
churn:month:2023-11-01:2023-11-30:industry:FinTech:none,2023-11-01,2023-11-30,registered_at_start,shared,available,,accounts|subscriptions|churn_events,build_monthly_churn:v1,month,industry,FinTech,none,39,39,3,0,0,0,True,0.07692307692307693,account_churn/account_month,0.026507395303779754,0.20321071167954996,0.95,wilson,,,,,,,,,3406.0,3,0,129255.0,2023-11-01,USD,monthly_recurring_revenue
churn:month:2023-11-01:2023-11-30:industry:HealthTech:none,2023-11-01,2023-11-30,registered_at_start,shared,available,,accounts|subscriptions|churn_events,build_monthly_churn:v1,month,industry,HealthTech,none,32,32,0,0,0,0,True,0.0,account_churn/account_month,0.0,0.10717919825507066,0.95,wilson,,,,,,,,,0.0,0,0,166430.0,2023-11-01,USD,monthly_recurring_revenue
churn:month:2023-11-01:2023-11-30:country:AU:none,2023-11-01,2023-11-30,registered_at_start,shared,available,,accounts|subscriptions|churn_events,build_monthly_churn:v1,month,country,AU,none,11,11,2,0,0,0,True,0.18181818181818182,account_churn/account_month,0.051367689746085105,0.47698056196084426,0.95,wilson,,,,,,,,,858.0,2,0,21451.0,2023-11-01,USD,monthly_recurring_revenue
churn:month:2023-11-01:2023-11-30:country:CA:none,2023-11-01,2023-11-30,registered_at_start,shared,available,,accounts|subscriptions|churn_events,build_monthly_churn:v1,month,country,CA,none,9,9,0,0,0,0,True,0.0,account_churn/account_month,2.7755575615628914e-17,0.29914504841954415,0.95,wilson,,,,,,,,,0.0,0,0,31175.0,2023-11-01,USD,monthly_recurring_revenue
churn:month:2023-11-01:2023-11-30:country:DE:none,2023-11-01,2023-11-30,registered_at_start,shared,available,,accounts|subscriptions|churn_events,build_monthly_churn:v1,month,country,DE,none,11,11,2,0,0,0,True,0.18181818181818182,account_churn/account_month,0.051367689746085105,0.47698056196084426,0.95,wilson,,,,,,,,,4351.0,2,0,41888.0,2023-11-01,USD,monthly_recurring_revenue
churn:month:2023-11-01:2023-11-30:country:FR:none,2023-11-01,2023-11-30,registered_at_start,shared,available,,accounts|subscriptions|churn_events,build_monthly_churn:v1,month,country,FR,none,4,4,0,0,0,0,True,0.0,account_churn/account_month,0.0,0.4898908364545974,0.95,wilson,,,,,,,,,0.0,0,0,16901.0,2023-11-01,USD,monthly_recurring_revenue
churn:month:2023-11-01:2023-11-30:country:IN:none,2023-11-01,2023-11-30,registered_at_start,shared,available,,accounts|subscriptions|churn_events,build_monthly_churn:v1,month,country,IN,none,18,18,0,0,0,0,True,0.0,account_churn/account_month,1.3877787807814457e-17,0.1758792236466577,0.95,wilson,,,,,,,,,0.0,0,0,71344.0,2023-11-01,USD,monthly_recurring_revenue
churn:month:2023-11-01:2023-11-30:country:UK:none,2023-11-01,2023-11-30,registered_at_start,shared,available,,accounts|subscriptions|churn_events,build_monthly_churn:v1,month,country,UK,none,17,17,0,0,0,0,True,0.0,account_churn/account_month,0.0,0.18431813500885186,0.95,wilson,,,,,,,,,0.0,0,0,48285.0,2023-11-01,USD,monthly_recurring_revenue
churn:month:2023-11-01:2023-11-30:country:US:none,2023-11-01,2023-11-30,registered_at_start,shared,available,,accounts|subscriptions|churn_events,build_monthly_churn:v1,month,country,US,none,75,75,6,0,0,0,True,0.08,account_churn/account_month,0.037180124350333854,0.1637479033352231,0.95,wilson,,,,,,,,,7803.0,6,0,350258.0,2023-11-01,USD,monthly_recurring_revenue
churn:month:2023-11-01:2023-11-30:referral_source:ads:none,2023-11-01,2023-11-30,registered_at_start,shared,available,,accounts|subscriptions|churn_events,build_monthly_churn:v1,month,referral_source,ads,none,35,35,1,0,0,0,True,0.02857142857142857,account_churn/account_month,0.005061491855444189,0.14533087233613678,0.95,wilson,,,,,,,,,2548.0,1,0,144355.0,2023-11-01,USD,monthly_recurring_revenue
churn:month:2023-11-01:2023-11-30:referral_source:event:none,2023-11-01,2023-11-30,registered_at_start,shared,available,,accounts|subscriptions|churn_events,build_monthly_churn:v1,month,referral_source,event,none,26,26,2,0,0,0,True,0.07692307692307693,account_churn/account_month,0.0213550884722762,0.24141553771629065,0.95,wilson,,,,,,,,,858.0,2,0,102783.0,2023-11-01,USD,monthly_recurring_revenue
churn:month:2023-11-01:2023-11-30:referral_source:organic:none,2023-11-01,2023-11-30,registered_at_start,shared,available,,accounts|subscriptions|churn_events,build_monthly_churn:v1,month,referral_source,organic,none,28,28,3,0,0,0,True,0.10714285714285714,account_churn/account_month,0.03711836682929999,0.2719585154867216,0.95,wilson,,,,,,,,,3511.0,3,0,155416.0,2023-11-01,USD,monthly_recurring_revenue
churn:month:2023-11-01:2023-11-30:referral_source:other:none,2023-11-01,2023-11-30,registered_at_start,shared,available,,accounts|subscriptions|churn_events,build_monthly_churn:v1,month,referral_source,other,none,26,26,2,0,0,0,True,0.07692307692307693,account_churn/account_month,0.0213550884722762,0.24141553771629065,0.95,wilson,,,,,,,,,4351.0,2,0,65060.0,2023-11-01,USD,monthly_recurring_revenue
churn:month:2023-11-01:2023-11-30:referral_source:partner:none,2023-11-01,2023-11-30,registered_at_start,shared,available,,accounts|subscriptions|churn_events,build_monthly_churn:v1,month,referral_source,partner,none,30,30,2,0,0,0,True,0.06666666666666667,account_churn/account_month,0.018477023791270378,0.21323458362616926,0.95,wilson,,,,,,,,,1744.0,2,0,113688.0,2023-11-01,USD,monthly_recurring_revenue
churn:month:2023-11-01:2023-11-30:plan_tier:Basic:none,2023-11-01,2023-11-30,registered_at_start,shared,available,,accounts|subscriptions|churn_events,build_monthly_churn:v1,month,plan_tier,Basic,none,19,19,0,0,0,0,True,0.0,account_churn/account_month,1.3877787807814457e-17,0.16817922405261632,0.95,wilson,,,,,,,,,0.0,0,0,9348.0,2023-11-01,USD,monthly_recurring_revenue
churn:month:2023-11-01:2023-11-30:plan_tier:Enterprise:none,2023-11-01,2023-11-30,registered_at_start,shared,available,,accounts|subscriptions|churn_events,build_monthly_churn:v1,month,plan_tier,Enterprise,none,15,15,1,0,0,0,True,0.06666666666666667,account_churn/account_month,0.011866895493268553,0.2981652987378003,0.95,wilson,,,,,,,,,3781.0,1,0,67660.0,2023-11-01,USD,monthly_recurring_revenue
churn:month:2023-11-01:2023-11-30:plan_tier:Pro:none,2023-11-01,2023-11-30,registered_at_start,shared,available,,accounts|subscriptions|churn_events,build_monthly_churn:v1,month,plan_tier,Pro,none,18,18,2,0,0,0,True,0.1111111111111111,account_churn/account_month,0.031019522645612363,0.3279976513017881,0.95,wilson,,,,,,,,,3118.0,2,0,30233.0,2023-11-01,USD,monthly_recurring_revenue
churn:month:2023-11-01:2023-11-30:plan_tier:mixed:none,2023-11-01,2023-11-30,registered_at_start,shared,available,,accounts|subscriptions|churn_events,build_monthly_churn:v1,month,plan_tier,mixed,none,62,62,3,0,0,0,True,0.04838709677419355,account_churn/account_month,0.016591685850580712,0.13288037927323962,0.95,wilson,,,,,,,,,6113.0,3,0,474061.0,2023-11-01,USD,monthly_recurring_revenue
churn:month:2023-11-01:2023-11-30:plan_tier:unknown:none,2023-11-01,2023-11-30,registered_at_start,shared,available,,accounts|subscriptions|churn_events,build_monthly_churn:v1,month,plan_tier,unknown,none,31,31,4,0,0,0,True,0.12903225806451613,account_churn/account_month,0.05134284374629143,0.2885240625630643,0.95,wilson,,,,,,,,,0.0,4,0,0.0,2023-11-01,USD,monthly_recurring_revenue
churn:month:2023-11-01:2023-11-30:billing_frequency:annual:none,2023-11-01,2023-11-30,registered_at_start,shared,available,,accounts|subscriptions|churn_events,build_monthly_churn:v1,month,billing_frequency,annual,none,30,30,1,0,0,0,True,0.03333333333333333,account_churn/account_month,0.005908590381612455,0.16670390991409176,0.95,wilson,,,,,,,,,570.0,1,0,117115.0,2023-11-01,USD,monthly_recurring_revenue
churn:month:2023-11-01:2023-11-30:billing_frequency:mixed:none,2023-11-01,2023-11-30,registered_at_start,shared,available,,accounts|subscriptions|churn_events,build_monthly_churn:v1,month,billing_frequency,mixed,none,57,57,4,0,0,0,True,0.07017543859649122,account_churn/account_month,0.027626420229066015,0.16700170096033695,0.95,wilson,,,,,,,,,10698.0,4,0,414212.0,2023-11-01,USD,monthly_recurring_revenue
churn:month:2023-11-01:2023-11-30:billing_frequency:monthly:none,2023-11-01,2023-11-30,registered_at_start,shared,available,,accounts|subscriptions|churn_events,build_monthly_churn:v1,month,billing_frequency,monthly,none,27,27,1,0,0,0,True,0.037037037037037035,account_churn/account_month,0.006568145980785131,0.1828346593357585,0.95,wilson,,,,,,,,,1744.0,1,0,49975.0,2023-11-01,USD,monthly_recurring_revenue
churn:month:2023-11-01:2023-11-30:billing_frequency:unknown:none,2023-11-01,2023-11-30,registered_at_start,shared,available,,accounts|subscriptions|churn_events,build_monthly_churn:v1,month,billing_frequency,unknown,none,31,31,4,0,0,0,True,0.12903225806451613,account_churn/account_month,0.05134284374629143,0.2885240625630643,0.95,wilson,,,,,,,,,0.0,4,0,0.0,2023-11-01,USD,monthly_recurring_revenue
churn:month:2023-11-01:2023-11-30:is_trial:False:none,2023-11-01,2023-11-30,registered_at_start,shared,available,,accounts|subscriptions|churn_events,build_monthly_churn:v1,month,is_trial,False,none,69,69,1,0,0,0,True,0.014492753623188406,account_churn/account_month,0.00256292464458846,0.0776312246114473,0.95,wilson,,,,,,,,,2548.0,1,0,361538.0,2023-11-01,USD,monthly_recurring_revenue
churn:month:2023-11-01:2023-11-30:is_trial:True:none,2023-11-01,2023-11-30,registered_at_start,shared,available,,accounts|subscriptions|churn_events,build_monthly_churn:v1,month,is_trial,True,none,11,11,1,0,0,0,True,0.09090909090909091,account_churn/account_month,0.016232172885884855,0.3773584364515957,0.95,wilson,,,,,,,,,570.0,1,0,0.0,2023-11-01,USD,monthly_recurring_revenue
churn:month:2023-11-01:2023-11-30:is_trial:mixed:none,2023-11-01,2023-11-30,registered_at_start,shared,available,,accounts|subscriptions|churn_events,build_monthly_churn:v1,month,is_trial,mixed,none,34,34,4,0,0,0,True,0.11764705882352941,account_churn/account_month,0.046714466648823366,0.26620842770371833,0.95,wilson,,,,,,,,,9894.0,4,0,219764.0,2023-11-01,USD,monthly_recurring_revenue
churn:month:2023-11-01:2023-11-30:is_trial:unknown:none,2023-11-01,2023-11-30,registered_at_start,shared,available,,accounts|subscriptions|churn_events,build_monthly_churn:v1,month,is_trial,unknown,none,31,31,4,0,0,0,True,0.12903225806451613,account_churn/account_month,0.05134284374629143,0.2885240625630643,0.95,wilson,,,,,,,,,0.0,4,0,0.0,2023-11-01,USD,monthly_recurring_revenue
churn:month:2023-11-01:2023-11-30:mrr_band:high:none,2023-11-01,2023-11-30,registered_at_start,shared,available,,accounts|subscriptions|churn_events,build_monthly_churn:v1,month,mrr_band,high,none,65,65,3,0,0,0,True,0.046153846153846156,account_churn/account_month,0.015819840413512566,0.12713847263338834,0.95,wilson,,,,,,,,,9840.0,3,0,548040.0,2023-11-01,USD,monthly_recurring_revenue
churn:month:2023-11-01:2023-11-30:mrr_band:low:none,2023-11-01,2023-11-30,registered_at_start,shared,available,,accounts|subscriptions|churn_events,build_monthly_churn:v1,month,mrr_band,low,none,53,53,6,0,0,0,True,0.11320754716981132,account_churn/account_month,0.05293030947702562,0.2257651911199219,0.95,wilson,,,,,,,,,1428.0,6,0,2654.0,2023-11-01,USD,monthly_recurring_revenue
churn:month:2023-11-01:2023-11-30:mrr_band:mid:none,2023-11-01,2023-11-30,registered_at_start,shared,available,,accounts|subscriptions|churn_events,build_monthly_churn:v1,month,mrr_band,mid,none,27,27,1,0,0,0,True,0.037037037037037035,account_churn/account_month,0.006568145980785131,0.1828346593357585,0.95,wilson,,,,,,,,,1744.0,1,0,30608.0,2023-11-01,USD,monthly_recurring_revenue
churn:month:2023-12-01:2023-12-31:all:all:none,2023-12-01,2023-12-31,registered_at_start,shared,available,,accounts|subscriptions|churn_events,build_monthly_churn:v1,month,all,all,none,161,161,11,19,1,1,True,0.06832298136645963,account_churn/account_month,0.03857558367179726,0.1181899473151804,0.95,wilson,,,,,,,,,59678.0,11,0,715030.0,2023-12-01,USD,monthly_recurring_revenue
churn:month:2023-12-01:2023-12-31:industry:Cybersecurity:none,2023-12-01,2023-12-31,registered_at_start,shared,available,,accounts|subscriptions|churn_events,build_monthly_churn:v1,month,industry,Cybersecurity,none,25,25,2,0,0,0,True,0.08,account_churn/account_month,0.02222040128484759,0.24966108950395322,0.95,wilson,,,,,,,,,6169.0,2,0,67620.0,2023-12-01,USD,monthly_recurring_revenue
churn:month:2023-12-01:2023-12-31:industry:DevTools:none,2023-12-01,2023-12-31,registered_at_start,shared,available,,accounts|subscriptions|churn_events,build_monthly_churn:v1,month,industry,DevTools,none,39,39,2,0,0,0,True,0.05128205128205128,account_churn/account_month,0.014177955415274113,0.16885640047613615,0.95,wilson,,,,,,,,,1519.0,2,0,204207.0,2023-12-01,USD,monthly_recurring_revenue
churn:month:2023-12-01:2023-12-31:industry:EdTech:none,2023-12-01,2023-12-31,registered_at_start,shared,available,,accounts|subscriptions|churn_events,build_monthly_churn:v1,month,industry,EdTech,none,18,18,2,0,0,0,True,0.1111111111111111,account_churn/account_month,0.031019522645612363,0.3279976513017881,0.95,wilson,,,,,,,,,1681.0,2,0,56422.0,2023-12-01,USD,monthly_recurring_revenue
churn:month:2023-12-01:2023-12-31:industry:FinTech:none,2023-12-01,2023-12-31,registered_at_start,shared,available,,accounts|subscriptions|churn_events,build_monthly_churn:v1,month,industry,FinTech,none,42,42,3,0,0,0,True,0.07142857142857142,account_churn/account_month,0.02459040987330592,0.1900942680115832,0.95,wilson,,,,,,,,,46148.0,3,0,184550.0,2023-12-01,USD,monthly_recurring_revenue
churn:month:2023-12-01:2023-12-31:industry:HealthTech:none,2023-12-01,2023-12-31,registered_at_start,shared,available,,accounts|subscriptions|churn_events,build_monthly_churn:v1,month,industry,HealthTech,none,37,37,2,0,0,0,True,0.05405405405405406,account_churn/account_month,0.014950976833157673,0.17704654350813104,0.95,wilson,,,,,,,,,4161.0,2,0,202231.0,2023-12-01,USD,monthly_recurring_revenue
churn:month:2023-12-01:2023-12-31:country:AU:none,2023-12-01,2023-12-31,registered_at_start,shared,available,,accounts|subscriptions|churn_events,build_monthly_churn:v1,month,country,AU,none,10,10,3,0,0,0,True,0.3,account_churn/account_month,0.10779126740630104,0.6032218525388546,0.95,wilson,,,,,,,,,5882.0,3,0,28535.0,2023-12-01,USD,monthly_recurring_revenue
churn:month:2023-12-01:2023-12-31:country:CA:none,2023-12-01,2023-12-31,registered_at_start,shared,available,,accounts|subscriptions|churn_events,build_monthly_churn:v1,month,country,CA,none,11,11,0,0,0,0,True,0.0,account_churn/account_month,0.0,0.2588329669680318,0.95,wilson,,,,,,,,,0.0,0,0,35905.0,2023-12-01,USD,monthly_recurring_revenue
churn:month:2023-12-01:2023-12-31:country:DE:none,2023-12-01,2023-12-31,registered_at_start,shared,available,,accounts|subscriptions|churn_events,build_monthly_churn:v1,month,country,DE,none,10,10,0,0,0,0,True,0.0,account_churn/account_month,0.0,0.27753279986288926,0.95,wilson,,,,,,,,,0.0,0,0,38107.0,2023-12-01,USD,monthly_recurring_revenue
churn:month:2023-12-01:2023-12-31:country:FR:none,2023-12-01,2023-12-31,registered_at_start,shared,available,,accounts|subscriptions|churn_events,build_monthly_churn:v1,month,country,FR,none,6,6,0,0,0,0,True,0.0,account_churn/account_month,0.0,0.39033428790216546,0.95,wilson,,,,,,,,,0.0,0,0,19957.0,2023-12-01,USD,monthly_recurring_revenue
churn:month:2023-12-01:2023-12-31:country:IN:none,2023-12-01,2023-12-31,registered_at_start,shared,available,,accounts|subscriptions|churn_events,build_monthly_churn:v1,month,country,IN,none,22,22,1,0,0,0,True,0.045454545454545456,account_churn/account_month,0.008069427621263836,0.2179804583865734,0.95,wilson,,,,,,,,,0.0,1,0,104677.0,2023-12-01,USD,monthly_recurring_revenue
churn:month:2023-12-01:2023-12-31:country:UK:none,2023-12-01,2023-12-31,registered_at_start,shared,available,,accounts|subscriptions|churn_events,build_monthly_churn:v1,month,country,UK,none,19,19,1,0,0,0,True,0.05263157894736842,account_churn/account_month,0.00935199406230039,0.24638731166898795,0.95,wilson,,,,,,,,,0.0,1,0,64223.0,2023-12-01,USD,monthly_recurring_revenue
churn:month:2023-12-01:2023-12-31:country:US:none,2023-12-01,2023-12-31,registered_at_start,shared,available,,accounts|subscriptions|churn_events,build_monthly_churn:v1,month,country,US,none,83,83,6,0,0,0,True,0.07228915662650602,account_churn/account_month,0.03355029552299279,0.14886786091773185,0.95,wilson,,,,,,,,,53796.0,6,0,423626.0,2023-12-01,USD,monthly_recurring_revenue
churn:month:2023-12-01:2023-12-31:referral_source:ads:none,2023-12-01,2023-12-31,registered_at_start,shared,available,,accounts|subscriptions|churn_events,build_monthly_churn:v1,month,referral_source,ads,none,39,39,1,0,0,0,True,0.02564102564102564,account_churn/account_month,0.004540703100990112,0.13180990169850076,0.95,wilson,,,,,,,,,31290.0,1,0,159787.0,2023-12-01,USD,monthly_recurring_revenue
churn:month:2023-12-01:2023-12-31:referral_source:event:none,2023-12-01,2023-12-31,registered_at_start,shared,available,,accounts|subscriptions|churn_events,build_monthly_churn:v1,month,referral_source,event,none,32,32,5,0,0,0,True,0.15625,account_churn/account_month,0.0686442028250571,0.317541495975304,0.95,wilson,,,,,,,,,16337.0,5,0,121026.0,2023-12-01,USD,monthly_recurring_revenue
churn:month:2023-12-01:2023-12-31:referral_source:organic:none,2023-12-01,2023-12-31,registered_at_start,shared,available,,accounts|subscriptions|churn_events,build_monthly_churn:v1,month,referral_source,organic,none,32,32,1,0,0,0,True,0.03125,account_churn/account_month,0.005537860164003122,0.1574426382001256,0.95,wilson,,,,,,,,,1519.0,1,0,213837.0,2023-12-01,USD,monthly_recurring_revenue
churn:month:2023-12-01:2023-12-31:referral_source:other:none,2023-12-01,2023-12-31,registered_at_start,shared,available,,accounts|subscriptions|churn_events,build_monthly_churn:v1,month,referral_source,other,none,29,29,2,0,0,0,True,0.06896551724137931,account_churn/account_month,0.019121266169433368,0.21964580150275698,0.95,wilson,,,,,,,,,4363.0,2,0,80860.0,2023-12-01,USD,monthly_recurring_revenue
churn:month:2023-12-01:2023-12-31:referral_source:partner:none,2023-12-01,2023-12-31,registered_at_start,shared,available,,accounts|subscriptions|churn_events,build_monthly_churn:v1,month,referral_source,partner,none,29,29,2,0,0,0,True,0.06896551724137931,account_churn/account_month,0.019121266169433368,0.21964580150275698,0.95,wilson,,,,,,,,,6169.0,2,0,139520.0,2023-12-01,USD,monthly_recurring_revenue
churn:month:2023-12-01:2023-12-31:plan_tier:Basic:none,2023-12-01,2023-12-31,registered_at_start,shared,available,,accounts|subscriptions|churn_events,build_monthly_churn:v1,month,plan_tier,Basic,none,16,16,0,0,0,0,True,0.0,account_churn/account_month,0.0,0.19360768053443655,0.95,wilson,,,,,,,,,0.0,0,0,9690.0,2023-12-01,USD,monthly_recurring_revenue
churn:month:2023-12-01:2023-12-31:plan_tier:Enterprise:none,2023-12-01,2023-12-31,registered_at_start,shared,available,,accounts|subscriptions|churn_events,build_monthly_churn:v1,month,plan_tier,Enterprise,none,16,16,3,0,0,0,True,0.1875,account_churn/account_month,0.06591599071428139,0.43008880961974144,0.95,wilson,,,,,,,,,37459.0,3,0,51143.0,2023-12-01,USD,monthly_recurring_revenue
churn:month:2023-12-01:2023-12-31:plan_tier:Pro:none,2023-12-01,2023-12-31,registered_at_start,shared,available,,accounts|subscriptions|churn_events,build_monthly_churn:v1,month,plan_tier,Pro,none,18,18,1,0,0,0,True,0.05555555555555555,account_churn/account_month,0.009875190978303083,0.257573007818726,0.95,wilson,,,,,,,,,1519.0,1,0,33810.0,2023-12-01,USD,monthly_recurring_revenue
churn:month:2023-12-01:2023-12-31:plan_tier:mixed:none,2023-12-01,2023-12-31,registered_at_start,shared,available,,accounts|subscriptions|churn_events,build_monthly_churn:v1,month,plan_tier,mixed,none,78,78,4,0,0,0,True,0.05128205128205128,account_churn/account_month,0.020121012473896145,0.12456676547294493,0.95,wilson,,,,,,,,,20700.0,4,0,620387.0,2023-12-01,USD,monthly_recurring_revenue
churn:month:2023-12-01:2023-12-31:plan_tier:unknown:none,2023-12-01,2023-12-31,registered_at_start,shared,available,,accounts|subscriptions|churn_events,build_monthly_churn:v1,month,plan_tier,unknown,none,33,33,3,0,0,0,True,0.09090909090909091,account_churn/account_month,0.03140394152458163,0.23572605646469735,0.95,wilson,,,,,,,,,0.0,3,0,0.0,2023-12-01,USD,monthly_recurring_revenue
churn:month:2023-12-01:2023-12-31:billing_frequency:annual:none,2023-12-01,2023-12-31,registered_at_start,shared,available,,accounts|subscriptions|churn_events,build_monthly_churn:v1,month,billing_frequency,annual,none,25,25,4,0,0,0,True,0.16,account_churn/account_month,0.06403451456676437,0.34653621607178864,0.95,wilson,,,,,,,,,22506.0,4,0,81535.0,2023-12-01,USD,monthly_recurring_revenue
churn:month:2023-12-01:2023-12-31:billing_frequency:mixed:none,2023-12-01,2023-12-31,registered_at_start,shared,available,,accounts|subscriptions|churn_events,build_monthly_churn:v1,month,billing_frequency,mixed,none,73,73,2,0,0,0,True,0.0273972602739726,account_churn/account_month,0.007545758679607648,0.09450148171690534,0.95,wilson,,,,,,,,,4363.0,2,0,576456.0,2023-12-01,USD,monthly_recurring_revenue
churn:month:2023-12-01:2023-12-31:billing_frequency:monthly:none,2023-12-01,2023-12-31,registered_at_start,shared,available,,accounts|subscriptions|churn_events,build_monthly_churn:v1,month,billing_frequency,monthly,none,30,30,2,0,0,0,True,0.06666666666666667,account_churn/account_month,0.018477023791270378,0.21323458362616926,0.95,wilson,,,,,,,,,32809.0,2,0,57039.0,2023-12-01,USD,monthly_recurring_revenue
churn:month:2023-12-01:2023-12-31:billing_frequency:unknown:none,2023-12-01,2023-12-31,registered_at_start,shared,available,,accounts|subscriptions|churn_events,build_monthly_churn:v1,month,billing_frequency,unknown,none,33,33,3,0,0,0,True,0.09090909090909091,account_churn/account_month,0.03140394152458163,0.23572605646469735,0.95,wilson,,,,,,,,,0.0,3,0,0.0,2023-12-01,USD,monthly_recurring_revenue
churn:month:2023-12-01:2023-12-31:is_trial:False:none,2023-12-01,2023-12-31,registered_at_start,shared,available,,accounts|subscriptions|churn_events,build_monthly_churn:v1,month,is_trial,False,none,74,74,4,0,0,0,True,0.05405405405405406,account_churn/account_month,0.021219012172874738,0.13090376404552367,0.95,wilson,,,,,,,,,24025.0,4,0,442139.0,2023-12-01,USD,monthly_recurring_revenue
churn:month:2023-12-01:2023-12-31:is_trial:True:none,2023-12-01,2023-12-31,registered_at_start,shared,available,,accounts|subscriptions|churn_events,build_monthly_churn:v1,month,is_trial,True,none,10,10,2,0,0,0,True,0.2,account_churn/account_month,0.056682151454375246,0.5098375284633583,0.95,wilson,,,,,,,,,31290.0,2,0,0.0,2023-12-01,USD,monthly_recurring_revenue
churn:month:2023-12-01:2023-12-31:is_trial:mixed:none,2023-12-01,2023-12-31,registered_at_start,shared,available,,accounts|subscriptions|churn_events,build_monthly_churn:v1,month,is_trial,mixed,none,44,44,2,0,0,0,True,0.045454545454545456,account_churn/account_month,0.012555109949594953,0.1513499843762966,0.95,wilson,,,,,,,,,4363.0,2,0,272891.0,2023-12-01,USD,monthly_recurring_revenue
churn:month:2023-12-01:2023-12-31:is_trial:unknown:none,2023-12-01,2023-12-31,registered_at_start,shared,available,,accounts|subscriptions|churn_events,build_monthly_churn:v1,month,is_trial,unknown,none,33,33,3,0,0,0,True,0.09090909090909091,account_churn/account_month,0.03140394152458163,0.23572605646469735,0.95,wilson,,,,,,,,,0.0,3,0,0.0,2023-12-01,USD,monthly_recurring_revenue
churn:month:2023-12-01:2023-12-31:mrr_band:high:none,2023-12-01,2023-12-31,registered_at_start,shared,available,,accounts|subscriptions|churn_events,build_monthly_churn:v1,month,mrr_band,high,none,74,74,3,0,0,0,True,0.04054054054054054,account_churn/account_month,0.013882431221978846,0.11254709579091648,0.95,wilson,,,,,,,,,23709.0,3,0,671121.0,2023-12-01,USD,monthly_recurring_revenue
churn:month:2023-12-01:2023-12-31:mrr_band:low:none,2023-12-01,2023-12-31,registered_at_start,shared,available,,accounts|subscriptions|churn_events,build_monthly_churn:v1,month,mrr_band,low,none,50,50,5,0,0,0,True,0.1,account_churn/account_month,0.0434757649318904,0.21360231437479657,0.95,wilson,,,,,,,,,31290.0,5,0,2065.0,2023-12-01,USD,monthly_recurring_revenue
churn:month:2023-12-01:2023-12-31:mrr_band:mid:none,2023-12-01,2023-12-31,registered_at_start,shared,available,,accounts|subscriptions|churn_events,build_monthly_churn:v1,month,mrr_band,mid,none,37,37,3,0,0,0,True,0.08108108108108109,account_churn/account_month,0.027960574100447944,0.21300679349288387,0.95,wilson,,,,,,,,,4679.0,3,0,41844.0,2023-12-01,USD,monthly_recurring_revenue
churn:month:2024-01-01:2024-01-31:all:all:none,2024-01-01,2024-01-31,registered_at_start,shared,available,,accounts|subscriptions|churn_events,build_monthly_churn:v1,month,all,all,none,169,169,15,15,1,0,True,0.08875739644970414,account_churn/account_month,0.05452559018295877,0.14126920958091782,0.95,wilson,,,,,,,,,60885.0,15,0,877987.0,2024-01-01,USD,monthly_recurring_revenue
churn:month:2024-01-01:2024-01-31:industry:Cybersecurity:none,2024-01-01,2024-01-31,registered_at_start,shared,available,,accounts|subscriptions|churn_events,build_monthly_churn:v1,month,industry,Cybersecurity,none,24,24,4,0,0,0,True,0.16666666666666666,account_churn/account_month,0.06678676328632946,0.3585307064969907,0.95,wilson,,,,,,,,,7192.0,4,0,95060.0,2024-01-01,USD,monthly_recurring_revenue
churn:month:2024-01-01:2024-01-31:industry:DevTools:none,2024-01-01,2024-01-31,registered_at_start,shared,available,,accounts|subscriptions|churn_events,build_monthly_churn:v1,month,industry,DevTools,none,41,41,1,0,0,0,True,0.024390243902439025,account_churn/account_month,0.004318531568912411,0.12595062055774234,0.95,wilson,,,,,,,,,0.0,1,0,238443.0,2024-01-01,USD,monthly_recurring_revenue
churn:month:2024-01-01:2024-01-31:industry:EdTech:none,2024-01-01,2024-01-31,registered_at_start,shared,available,,accounts|subscriptions|churn_events,build_monthly_churn:v1,month,industry,EdTech,none,21,21,2,0,0,0,True,0.09523809523809523,account_churn/account_month,0.026518767438074492,0.28914139073918255,0.95,wilson,,,,,,,,,16452.0,2,0,79408.0,2024-01-01,USD,monthly_recurring_revenue
churn:month:2024-01-01:2024-01-31:industry:FinTech:none,2024-01-01,2024-01-31,registered_at_start,shared,available,,accounts|subscriptions|churn_events,build_monthly_churn:v1,month,industry,FinTech,none,43,43,7,0,0,0,True,0.16279069767441862,account_churn/account_month,0.08116627347062007,0.2997240589374717,0.95,wilson,,,,,,,,,34203.0,7,0,224773.0,2024-01-01,USD,monthly_recurring_revenue
churn:month:2024-01-01:2024-01-31:industry:HealthTech:none,2024-01-01,2024-01-31,registered_at_start,shared,available,,accounts|subscriptions|churn_events,build_monthly_churn:v1,month,industry,HealthTech,none,40,40,1,0,0,0,True,0.025,account_churn/account_month,0.004426831502681396,0.12881368963474096,0.95,wilson,,,,,,,,,3038.0,1,0,240303.0,2024-01-01,USD,monthly_recurring_revenue
churn:month:2024-01-01:2024-01-31:country:AU:none,2024-01-01,2024-01-31,registered_at_start,shared,available,,accounts|subscriptions|churn_events,build_monthly_churn:v1,month,country,AU,none,8,8,0,0,0,0,True,0.0,account_churn/account_month,0.0,0.32440756488388034,0.95,wilson,,,,,,,,,0.0,0,0,25949.0,2024-01-01,USD,monthly_recurring_revenue
churn:month:2024-01-01:2024-01-31:country:CA:none,2024-01-01,2024-01-31,registered_at_start,shared,available,,accounts|subscriptions|churn_events,build_monthly_churn:v1,month,country,CA,none,11,11,1,0,0,0,True,0.09090909090909091,account_churn/account_month,0.016232172885884855,0.3773584364515957,0.95,wilson,,,,,,,,,4975.0,1,0,40260.0,2024-01-01,USD,monthly_recurring_revenue
churn:month:2024-01-01:2024-01-31:country:DE:none,2024-01-01,2024-01-31,registered_at_start,shared,available,,accounts|subscriptions|churn_events,build_monthly_churn:v1,month,country,DE,none,10,10,0,0,0,0,True,0.0,account_churn/account_month,0.0,0.27753279986288926,0.95,wilson,,,,,,,,,0.0,0,0,50523.0,2024-01-01,USD,monthly_recurring_revenue
churn:month:2024-01-01:2024-01-31:country:FR:none,2024-01-01,2024-01-31,registered_at_start,shared,available,,accounts|subscriptions|churn_events,build_monthly_churn:v1,month,country,FR,none,8,8,0,0,0,0,True,0.0,account_churn/account_month,0.0,0.32440756488388034,0.95,wilson,,,,,,,,,0.0,0,0,24055.0,2024-01-01,USD,monthly_recurring_revenue
churn:month:2024-01-01:2024-01-31:country:IN:none,2024-01-01,2024-01-31,registered_at_start,shared,available,,accounts|subscriptions|churn_events,build_monthly_churn:v1,month,country,IN,none,21,21,3,0,0,0,True,0.14285714285714285,account_churn/account_month,0.04981012499725268,0.34636060280620945,0.95,wilson,,,,,,,,,6354.0,3,0,150255.0,2024-01-01,USD,monthly_recurring_revenue
churn:month:2024-01-01:2024-01-31:country:UK:none,2024-01-01,2024-01-31,registered_at_start,shared,available,,accounts|subscriptions|churn_events,build_monthly_churn:v1,month,country,UK,none,20,20,3,0,0,0,True,0.15,account_churn/account_month,0.052368745896216595,0.36041886474075696,0.95,wilson,,,,,,,,,3376.0,3,0,83629.0,2024-01-01,USD,monthly_recurring_revenue
churn:month:2024-01-01:2024-01-31:country:US:none,2024-01-01,2024-01-31,registered_at_start,shared,available,,accounts|subscriptions|churn_events,build_monthly_churn:v1,month,country,US,none,91,91,8,0,0,0,True,0.08791208791208792,account_churn/account_month,0.04522020780830406,0.16398638883637745,0.95,wilson,,,,,,,,,46180.0,8,0,503316.0,2024-01-01,USD,monthly_recurring_revenue
churn:month:2024-01-01:2024-01-31:referral_source:ads:none,2024-01-01,2024-01-31,registered_at_start,shared,available,,accounts|subscriptions|churn_events,build_monthly_churn:v1,month,referral_source,ads,none,42,42,5,0,0,0,True,0.11904761904761904,account_churn/account_month,0.05193803327758233,0.2500039026200968,0.95,wilson,,,,,,,,,26037.0,5,0,225239.0,2024-01-01,USD,monthly_recurring_revenue
churn:month:2024-01-01:2024-01-31:referral_source:event:none,2024-01-01,2024-01-31,registered_at_start,shared,available,,accounts|subscriptions|churn_events,build_monthly_churn:v1,month,referral_source,event,none,29,29,2,0,0,0,True,0.06896551724137931,account_churn/account_month,0.019121266169433368,0.21964580150275698,0.95,wilson,,,,,,,,,9114.0,2,0,151699.0,2024-01-01,USD,monthly_recurring_revenue
churn:month:2024-01-01:2024-01-31:referral_source:organic:none,2024-01-01,2024-01-31,registered_at_start,shared,available,,accounts|subscriptions|churn_events,build_monthly_churn:v1,month,referral_source,organic,none,33,33,1,0,0,0,True,0.030303030303030304,account_churn/account_month,0.00536941053687183,0.15318725382118925,0.95,wilson,,,,,,,,,2386.0,1,0,235269.0,2024-01-01,USD,monthly_recurring_revenue
churn:month:2024-01-01:2024-01-31:referral_source:other:none,2024-01-01,2024-01-31,registered_at_start,shared,available,,accounts|subscriptions|churn_events,build_monthly_churn:v1,month,referral_source,other,none,30,30,3,0,0,0,True,0.1,account_churn/account_month,0.03459988874733416,0.25621082579184085,0.95,wilson,,,,,,,,,7661.0,3,0,114145.0,2024-01-01,USD,monthly_recurring_revenue
churn:month:2024-01-01:2024-01-31:referral_source:partner:none,2024-01-01,2024-01-31,registered_at_start,shared,available,,accounts|subscriptions|churn_events,build_monthly_churn:v1,month,referral_source,partner,none,35,35,4,0,0,0,True,0.11428571428571428,account_churn/account_month,0.04535179333097357,0.25951468646213816,0.95,wilson,,,,,,,,,15687.0,4,0,151635.0,2024-01-01,USD,monthly_recurring_revenue
churn:month:2024-01-01:2024-01-31:plan_tier:Basic:none,2024-01-01,2024-01-31,registered_at_start,shared,available,,accounts|subscriptions|churn_events,build_monthly_churn:v1,month,plan_tier,Basic,none,16,16,3,0,0,0,True,0.1875,account_churn/account_month,0.06591599071428139,0.43008880961974144,0.95,wilson,,,,,,,,,2356.0,3,0,10241.0,2024-01-01,USD,monthly_recurring_revenue
churn:month:2024-01-01:2024-01-31:plan_tier:Enterprise:none,2024-01-01,2024-01-31,registered_at_start,shared,available,,accounts|subscriptions|churn_events,build_monthly_churn:v1,month,plan_tier,Enterprise,none,10,10,2,0,0,0,True,0.2,account_churn/account_month,0.056682151454375246,0.5098375284633583,0.95,wilson,,,,,,,,,20497.0,2,0,62088.0,2024-01-01,USD,monthly_recurring_revenue
churn:month:2024-01-01:2024-01-31:plan_tier:Pro:none,2024-01-01,2024-01-31,registered_at_start,shared,available,,accounts|subscriptions|churn_events,build_monthly_churn:v1,month,plan_tier,Pro,none,15,15,1,0,0,0,True,0.06666666666666667,account_churn/account_month,0.011866895493268553,0.2981652987378003,0.95,wilson,,,,,,,,,2386.0,1,0,38171.0,2024-01-01,USD,monthly_recurring_revenue
churn:month:2024-01-01:2024-01-31:plan_tier:mixed:none,2024-01-01,2024-01-31,registered_at_start,shared,available,,accounts|subscriptions|churn_events,build_monthly_churn:v1,month,plan_tier,mixed,none,98,98,8,0,0,0,True,0.08163265306122448,account_churn/account_month,0.041944058967642,0.15288287154233565,0.95,wilson,,,,,,,,,35646.0,8,0,767487.0,2024-01-01,USD,monthly_recurring_revenue
churn:month:2024-01-01:2024-01-31:plan_tier:unknown:none,2024-01-01,2024-01-31,registered_at_start,shared,available,,accounts|subscriptions|churn_events,build_monthly_churn:v1,month,plan_tier,unknown,none,30,30,1,0,0,0,True,0.03333333333333333,account_churn/account_month,0.005908590381612455,0.16670390991409176,0.95,wilson,,,,,,,,,0.0,1,0,0.0,2024-01-01,USD,monthly_recurring_revenue
churn:month:2024-01-01:2024-01-31:billing_frequency:annual:none,2024-01-01,2024-01-31,registered_at_start,shared,available,,accounts|subscriptions|churn_events,build_monthly_churn:v1,month,billing_frequency,annual,none,21,21,6,0,0,0,True,0.2857142857142857,account_churn/account_month,0.1381386295212213,0.49956380716085597,0.95,wilson,,,,,,,,,22799.0,6,0,71416.0,2024-01-01,USD,monthly_recurring_revenue
churn:month:2024-01-01:2024-01-31:billing_frequency:mixed:none,2024-01-01,2024-01-31,registered_at_start,shared,available,,accounts|subscriptions|churn_events,build_monthly_churn:v1,month,billing_frequency,mixed,none,91,91,6,0,0,0,True,0.06593406593406594,account_churn/account_month,0.03056628647161548,0.13646466199411572,0.95,wilson,,,,,,,,,17589.0,6,0,734348.0,2024-01-01,USD,monthly_recurring_revenue
churn:month:2024-01-01:2024-01-31:billing_frequency:monthly:none,2024-01-01,2024-01-31,registered_at_start,shared,available,,accounts|subscriptions|churn_events,build_monthly_churn:v1,month,billing_frequency,monthly,none,27,27,2,0,0,0,True,0.07407407407407407,account_churn/account_month,0.020554654060988636,0.23369592683023152,0.95,wilson,,,,,,,,,20497.0,2,0,72223.0,2024-01-01,USD,monthly_recurring_revenue
churn:month:2024-01-01:2024-01-31:billing_frequency:unknown:none,2024-01-01,2024-01-31,registered_at_start,shared,available,,accounts|subscriptions|churn_events,build_monthly_churn:v1,month,billing_frequency,unknown,none,30,30,1,0,0,0,True,0.03333333333333333,account_churn/account_month,0.005908590381612455,0.16670390991409176,0.95,wilson,,,,,,,,,0.0,1,0,0.0,2024-01-01,USD,monthly_recurring_revenue
churn:month:2024-01-01:2024-01-31:is_trial:False:none,2024-01-01,2024-01-31,registered_at_start,shared,available,,accounts|subscriptions|churn_events,build_monthly_churn:v1,month,is_trial,False,none,82,82,11,0,0,0,True,0.13414634146341464,account_churn/account_month,0.07658691429563845,0.22445012742882525,0.95,wilson,,,,,,,,,51771.0,11,0,503740.0,2024-01-01,USD,monthly_recurring_revenue
churn:month:2024-01-01:2024-01-31:is_trial:True:none,2024-01-01,2024-01-31,registered_at_start,shared,available,,accounts|subscriptions|churn_events,build_monthly_churn:v1,month,is_trial,True,none,3,3,1,0,0,0,True,0.3333333333333333,account_churn/account_month,0.06149194472039626,0.7923403991979523,0.95,wilson,,,,,,,,,0.0,1,0,0.0,2024-01-01,USD,monthly_recurring_revenue
churn:month:2024-01-01:2024-01-31:is_trial:mixed:none,2024-01-01,2024-01-31,registered_at_start,shared,available,,accounts|subscriptions|churn_events,build_monthly_churn:v1,month,is_trial,mixed,none,54,54,2,0,0,0,True,0.037037037037037035,account_churn/account_month,0.010216367948445576,0.12535176917275478,0.95,wilson,,,,,,,,,9114.0,2,0,374247.0,2024-01-01,USD,monthly_recurring_revenue
churn:month:2024-01-01:2024-01-31:is_trial:unknown:none,2024-01-01,2024-01-31,registered_at_start,shared,available,,accounts|subscriptions|churn_events,build_monthly_churn:v1,month,is_trial,unknown,none,30,30,1,0,0,0,True,0.03333333333333333,account_churn/account_month,0.005908590381612455,0.16670390991409176,0.95,wilson,,,,,,,,,0.0,1,0,0.0,2024-01-01,USD,monthly_recurring_revenue
churn:month:2024-01-01:2024-01-31:mrr_band:high:none,2024-01-01,2024-01-31,registered_at_start,shared,available,,accounts|subscriptions|churn_events,build_monthly_churn:v1,month,mrr_band,high,none,87,87,8,0,0,0,True,0.09195402298850575,account_churn/account_month,0.04733289225508672,0.17108564789471264,0.95,wilson,,,,,,,,,55213.0,8,0,827888.0,2024-01-01,USD,monthly_recurring_revenue
churn:month:2024-01-01:2024-01-31:mrr_band:low:none,2024-01-01,2024-01-31,registered_at_start,shared,available,,accounts|subscriptions|churn_events,build_monthly_churn:v1,month,mrr_band,low,none,43,43,3,0,0,0,True,0.06976744186046512,account_churn/account_month,0.024011589577214484,0.1860898690124198,0.95,wilson,,,,,,,,,323.0,3,0,3041.0,2024-01-01,USD,monthly_recurring_revenue
churn:month:2024-01-01:2024-01-31:mrr_band:mid:none,2024-01-01,2024-01-31,registered_at_start,shared,available,,accounts|subscriptions|churn_events,build_monthly_churn:v1,month,mrr_band,mid,none,39,39,4,0,0,0,True,0.10256410256410256,account_churn/account_month,0.04061331344668381,0.23578854462856527,0.95,wilson,,,,,,,,,5349.0,4,0,47058.0,2024-01-01,USD,monthly_recurring_revenue
churn:month:2024-02-01:2024-02-29:all:all:none,2024-02-01,2024-02-29,registered_at_start,shared,available,,accounts|subscriptions|churn_events,build_monthly_churn:v1,month,all,all,none,168,168,5,13,0,2,True,0.02976190476190476,account_churn/account_month,0.012778123776847273,0.06776971907600483,0.95,wilson,,,,,,,,,41046.0,5,0,1007930.0,2024-02-01,USD,monthly_recurring_revenue
churn:month:2024-02-01:2024-02-29:industry:Cybersecurity:none,2024-02-01,2024-02-29,registered_at_start,shared,available,,accounts|subscriptions|churn_events,build_monthly_churn:v1,month,industry,Cybersecurity,none,23,23,0,0,0,0,True,0.0,account_churn/account_month,0.0,0.1431166184504269,0.95,wilson,,,,,,,,,0.0,0,0,103958.0,2024-02-01,USD,monthly_recurring_revenue
churn:month:2024-02-01:2024-02-29:industry:DevTools:none,2024-02-01,2024-02-29,registered_at_start,shared,available,,accounts|subscriptions|churn_events,build_monthly_churn:v1,month,industry,DevTools,none,42,42,3,0,0,0,True,0.07142857142857142,account_churn/account_month,0.02459040987330592,0.1900942680115832,0.95,wilson,,,,,,,,,5753.0,3,0,269555.0,2024-02-01,USD,monthly_recurring_revenue
churn:month:2024-02-01:2024-02-29:industry:EdTech:none,2024-02-01,2024-02-29,registered_at_start,shared,available,,accounts|subscriptions|churn_events,build_monthly_churn:v1,month,industry,EdTech,none,23,23,0,0,0,0,True,0.0,account_churn/account_month,0.0,0.1431166184504269,0.95,wilson,,,,,,,,,0.0,0,0,103122.0,2024-02-01,USD,monthly_recurring_revenue
churn:month:2024-02-01:2024-02-29:industry:FinTech:none,2024-02-01,2024-02-29,registered_at_start,shared,available,,accounts|subscriptions|churn_events,build_monthly_churn:v1,month,industry,FinTech,none,38,38,0,0,0,0,True,0.0,account_churn/account_month,6.938893903907228e-18,0.09180986822558401,0.95,wilson,,,,,,,,,0.0,0,0,254392.0,2024-02-01,USD,monthly_recurring_revenue
churn:month:2024-02-01:2024-02-29:industry:HealthTech:none,2024-02-01,2024-02-29,registered_at_start,shared,available,,accounts|subscriptions|churn_events,build_monthly_churn:v1,month,industry,HealthTech,none,42,42,2,0,0,0,True,0.047619047619047616,account_churn/account_month,0.013157524908905607,0.15789852396958842,0.95,wilson,,,,,,,,,35293.0,2,0,276903.0,2024-02-01,USD,monthly_recurring_revenue
churn:month:2024-02-01:2024-02-29:country:AU:none,2024-02-01,2024-02-29,registered_at_start,shared,available,,accounts|subscriptions|churn_events,build_monthly_churn:v1,month,country,AU,none,9,9,0,0,0,0,True,0.0,account_churn/account_month,2.7755575615628914e-17,0.29914504841954415,0.95,wilson,,,,,,,,,0.0,0,0,30406.0,2024-02-01,USD,monthly_recurring_revenue
churn:month:2024-02-01:2024-02-29:country:CA:none,2024-02-01,2024-02-29,registered_at_start,shared,available,,accounts|subscriptions|churn_events,build_monthly_churn:v1,month,country,CA,none,10,10,0,0,0,0,True,0.0,account_churn/account_month,0.0,0.27753279986288926,0.95,wilson,,,,,,,,,0.0,0,0,41651.0,2024-02-01,USD,monthly_recurring_revenue
churn:month:2024-02-01:2024-02-29:country:DE:none,2024-02-01,2024-02-29,registered_at_start,shared,available,,accounts|subscriptions|churn_events,build_monthly_churn:v1,month,country,DE,none,10,10,0,0,0,0,True,0.0,account_churn/account_month,0.0,0.27753279986288926,0.95,wilson,,,,,,,,,0.0,0,0,55112.0,2024-02-01,USD,monthly_recurring_revenue
churn:month:2024-02-01:2024-02-29:country:FR:none,2024-02-01,2024-02-29,registered_at_start,shared,available,,accounts|subscriptions|churn_events,build_monthly_churn:v1,month,country,FR,none,10,10,0,0,0,0,True,0.0,account_churn/account_month,0.0,0.27753279986288926,0.95,wilson,,,,,,,,,0.0,0,0,25708.0,2024-02-01,USD,monthly_recurring_revenue
churn:month:2024-02-01:2024-02-29:country:IN:none,2024-02-01,2024-02-29,registered_at_start,shared,available,,accounts|subscriptions|churn_events,build_monthly_churn:v1,month,country,IN,none,19,19,1,0,0,0,True,0.05263157894736842,account_churn/account_month,0.00935199406230039,0.24638731166898795,0.95,wilson,,,,,,,,,9879.0,1,0,172027.0,2024-02-01,USD,monthly_recurring_revenue
churn:month:2024-02-01:2024-02-29:country:UK:none,2024-02-01,2024-02-29,registered_at_start,shared,available,,accounts|subscriptions|churn_events,build_monthly_churn:v1,month,country,UK,none,17,17,1,0,0,0,True,0.058823529411764705,account_churn/account_month,0.010460400984997592,0.26982030637575405,0.95,wilson,,,,,,,,,3184.0,1,0,94984.0,2024-02-01,USD,monthly_recurring_revenue
churn:month:2024-02-01:2024-02-29:country:US:none,2024-02-01,2024-02-29,registered_at_start,shared,available,,accounts|subscriptions|churn_events,build_monthly_churn:v1,month,country,US,none,93,93,3,0,0,0,True,0.03225806451612903,account_churn/account_month,0.01103061281589203,0.09059382511121505,0.95,wilson,,,,,,,,,27983.0,3,0,588042.0,2024-02-01,USD,monthly_recurring_revenue
churn:month:2024-02-01:2024-02-29:referral_source:ads:none,2024-02-01,2024-02-29,registered_at_start,shared,available,,accounts|subscriptions|churn_events,build_monthly_churn:v1,month,referral_source,ads,none,40,40,1,0,0,0,True,0.025,account_churn/account_month,0.004426831502681396,0.12881368963474096,0.95,wilson,,,,,,,,,25414.0,1,0,249506.0,2024-02-01,USD,monthly_recurring_revenue
churn:month:2024-02-01:2024-02-29:referral_source:event:none,2024-02-01,2024-02-29,registered_at_start,shared,available,,accounts|subscriptions|churn_events,build_monthly_churn:v1,month,referral_source,event,none,29,29,0,0,0,0,True,0.0,account_churn/account_month,0.0,0.1169697984997408,0.95,wilson,,,,,,,,,0.0,0,0,162841.0,2024-02-01,USD,monthly_recurring_revenue
churn:month:2024-02-01:2024-02-29:referral_source:organic:none,2024-02-01,2024-02-29,registered_at_start,shared,available,,accounts|subscriptions|churn_events,build_monthly_churn:v1,month,referral_source,organic,none,34,34,1,0,0,0,True,0.029411764705882353,account_churn/account_month,0.0052109062762689395,0.14915573292685935,0.95,wilson,,,,,,,,,2398.0,1,0,280090.0,2024-02-01,USD,monthly_recurring_revenue
churn:month:2024-02-01:2024-02-29:referral_source:other:none,2024-02-01,2024-02-29,registered_at_start,shared,available,,accounts|subscriptions|churn_events,build_monthly_churn:v1,month,referral_source,other,none,31,31,1,0,0,0,True,0.03225806451612903,account_churn/account_month,0.005717221525416816,0.16194105164724912,0.95,wilson,,,,,,,,,3184.0,1,0,136834.0,2024-02-01,USD,monthly_recurring_revenue
churn:month:2024-02-01:2024-02-29:referral_source:partner:none,2024-02-01,2024-02-29,registered_at_start,shared,available,,accounts|subscriptions|churn_events,build_monthly_churn:v1,month,referral_source,partner,none,34,34,2,0,0,0,True,0.058823529411764705,account_churn/account_month,0.016282655210122732,0.19093606904281005,0.95,wilson,,,,,,,,,10050.0,2,0,178659.0,2024-02-01,USD,monthly_recurring_revenue
churn:month:2024-02-01:2024-02-29:plan_tier:Basic:none,2024-02-01,2024-02-29,registered_at_start,shared,available,,accounts|subscriptions|churn_events,build_monthly_churn:v1,month,plan_tier,Basic,none,14,14,0,0,0,0,True,0.0,account_churn/account_month,2.7755575615628914e-17,0.21531080273763586,0.95,wilson,,,,,,,,,0.0,0,0,8607.0,2024-02-01,USD,monthly_recurring_revenue
churn:month:2024-02-01:2024-02-29:plan_tier:Enterprise:none,2024-02-01,2024-02-29,registered_at_start,shared,available,,accounts|subscriptions|churn_events,build_monthly_churn:v1,month,plan_tier,Enterprise,none,12,12,0,0,0,0,True,0.0,account_churn/account_month,0.0,0.24249400665524096,0.95,wilson,,,,,,,,,0.0,0,0,66068.0,2024-02-01,USD,monthly_recurring_revenue
churn:month:2024-02-01:2024-02-29:plan_tier:Pro:none,2024-02-01,2024-02-29,registered_at_start,shared,available,,accounts|subscriptions|churn_events,build_monthly_churn:v1,month,plan_tier,Pro,none,12,12,0,0,0,0,True,0.0,account_churn/account_month,0.0,0.24249400665524096,0.95,wilson,,,,,,,,,0.0,0,0,29204.0,2024-02-01,USD,monthly_recurring_revenue
churn:month:2024-02-01:2024-02-29:plan_tier:mixed:none,2024-02-01,2024-02-29,registered_at_start,shared,available,,accounts|subscriptions|churn_events,build_monthly_churn:v1,month,plan_tier,mixed,none,106,106,3,0,0,0,True,0.02830188679245283,account_churn/account_month,0.009671283865559835,0.07992565818488566,0.95,wilson,,,,,,,,,37691.0,3,0,904051.0,2024-02-01,USD,monthly_recurring_revenue
churn:month:2024-02-01:2024-02-29:plan_tier:unknown:none,2024-02-01,2024-02-29,registered_at_start,shared,available,,accounts|subscriptions|churn_events,build_monthly_churn:v1,month,plan_tier,unknown,none,24,24,2,0,0,0,True,0.08333333333333333,account_churn/account_month,0.023158815297043348,0.2584880219321069,0.95,wilson,,,,,,,,,3355.0,2,0,0.0,2024-02-01,USD,monthly_recurring_revenue
churn:month:2024-02-01:2024-02-29:billing_frequency:annual:none,2024-02-01,2024-02-29,registered_at_start,shared,available,,accounts|subscriptions|churn_events,build_monthly_churn:v1,month,billing_frequency,annual,none,27,27,0,0,0,0,True,0.0,account_churn/account_month,0.0,0.12455502974186713,0.95,wilson,,,,,,,,,0.0,0,0,90237.0,2024-02-01,USD,monthly_recurring_revenue
churn:month:2024-02-01:2024-02-29:billing_frequency:mixed:none,2024-02-01,2024-02-29,registered_at_start,shared,available,,accounts|subscriptions|churn_events,build_monthly_churn:v1,month,billing_frequency,mixed,none,96,96,3,0,0,0,True,0.03125,account_churn/account_month,0.010684070371201171,0.0878867932453698,0.95,wilson,,,,,,,,,37691.0,3,0,875462.0,2024-02-01,USD,monthly_recurring_revenue
churn:month:2024-02-01:2024-02-29:billing_frequency:monthly:none,2024-02-01,2024-02-29,registered_at_start,shared,available,,accounts|subscriptions|churn_events,build_monthly_churn:v1,month,billing_frequency,monthly,none,21,21,0,0,0,0,True,0.0,account_churn/account_month,0.0,0.154639018924847,0.95,wilson,,,,,,,,,0.0,0,0,42231.0,2024-02-01,USD,monthly_recurring_revenue
churn:month:2024-02-01:2024-02-29:billing_frequency:unknown:none,2024-02-01,2024-02-29,registered_at_start,shared,available,,accounts|subscriptions|churn_events,build_monthly_churn:v1,month,billing_frequency,unknown,none,24,24,2,0,0,0,True,0.08333333333333333,account_churn/account_month,0.023158815297043348,0.2584880219321069,0.95,wilson,,,,,,,,,3355.0,2,0,0.0,2024-02-01,USD,monthly_recurring_revenue
churn:month:2024-02-01:2024-02-29:is_trial:False:none,2024-02-01,2024-02-29,registered_at_start,shared,available,,accounts|subscriptions|churn_events,build_monthly_churn:v1,month,is_trial,False,none,79,79,1,0,0,0,True,0.012658227848101266,account_churn/account_month,0.0022379938550498857,0.06827571876965956,0.95,wilson,,,,,,,,,9879.0,1,0,563975.0,2024-02-01,USD,monthly_recurring_revenue
churn:month:2024-02-01:2024-02-29:is_trial:True:none,2024-02-01,2024-02-29,registered_at_start,shared,available,,accounts|subscriptions|churn_events,build_monthly_churn:v1,month,is_trial,True,none,5,5,0,0,0,0,True,0.0,account_churn/account_month,0.0,0.43448246478317487,0.95,wilson,,,,,,,,,0.0,0,0,0.0,2024-02-01,USD,monthly_recurring_revenue
churn:month:2024-02-01:2024-02-29:is_trial:mixed:none,2024-02-01,2024-02-29,registered_at_start,shared,available,,accounts|subscriptions|churn_events,build_monthly_churn:v1,month,is_trial,mixed,none,60,60,2,0,0,0,True,0.03333333333333333,account_churn/account_month,0.00918931925619787,0.11363774274308602,0.95,wilson,,,,,,,,,27812.0,2,0,443955.0,2024-02-01,USD,monthly_recurring_revenue
churn:month:2024-02-01:2024-02-29:is_trial:unknown:none,2024-02-01,2024-02-29,registered_at_start,shared,available,,accounts|subscriptions|churn_events,build_monthly_churn:v1,month,is_trial,unknown,none,24,24,2,0,0,0,True,0.08333333333333333,account_churn/account_month,0.023158815297043348,0.2584880219321069,0.95,wilson,,,,,,,,,3355.0,2,0,0.0,2024-02-01,USD,monthly_recurring_revenue
churn:month:2024-02-01:2024-02-29:mrr_band:high:none,2024-02-01,2024-02-29,registered_at_start,shared,available,,accounts|subscriptions|churn_events,build_monthly_churn:v1,month,mrr_band,high,none,98,98,3,0,0,0,True,0.030612244897959183,account_churn/account_month,0.010464891082493696,0.08617020168479832,0.95,wilson,,,,,,,,,37691.0,3,0,962233.0,2024-02-01,USD,monthly_recurring_revenue
churn:month:2024-02-01:2024-02-29:mrr_band:low:none,2024-02-01,2024-02-29,registered_at_start,shared,available,,accounts|subscriptions|churn_events,build_monthly_churn:v1,month,mrr_band,low,none,37,37,2,0,0,0,True,0.05405405405405406,account_churn/account_month,0.014950976833157673,0.17704654350813104,0.95,wilson,,,,,,,,,3355.0,2,0,2602.0,2024-02-01,USD,monthly_recurring_revenue
churn:month:2024-02-01:2024-02-29:mrr_band:mid:none,2024-02-01,2024-02-29,registered_at_start,shared,available,,accounts|subscriptions|churn_events,build_monthly_churn:v1,month,mrr_band,mid,none,33,33,0,0,0,0,True,0.0,account_churn/account_month,0.0,0.10426999754245211,0.95,wilson,,,,,,,,,0.0,0,0,43095.0,2024-02-01,USD,monthly_recurring_revenue
churn:month:2024-03-01:2024-03-31:all:all:none,2024-03-01,2024-03-31,registered_at_start,shared,available,,accounts|subscriptions|churn_events,build_monthly_churn:v1,month,all,all,none,178,178,13,25,4,1,True,0.07303370786516854,account_churn/account_month,0.04317502531026729,0.12093198864698146,0.95,wilson,,,,,,,,,81307.0,13,0,1200107.0,2024-03-01,USD,monthly_recurring_revenue
churn:month:2024-03-01:2024-03-31:industry:Cybersecurity:none,2024-03-01,2024-03-31,registered_at_start,shared,available,,accounts|subscriptions|churn_events,build_monthly_churn:v1,month,industry,Cybersecurity,none,27,27,2,0,0,0,True,0.07407407407407407,account_churn/account_month,0.020554654060988636,0.23369592683023152,0.95,wilson,,,,,,,,,3460.0,2,0,160405.0,2024-03-01,USD,monthly_recurring_revenue
churn:month:2024-03-01:2024-03-31:industry:DevTools:none,2024-03-01,2024-03-31,registered_at_start,shared,available,,accounts|subscriptions|churn_events,build_monthly_churn:v1,month,industry,DevTools,none,44,44,3,0,0,0,True,0.06818181818181818,account_churn/account_month,0.02345939590738161,0.18225044370221535,0.95,wilson,,,,,,,,,11191.0,3,0,347198.0,2024-03-01,USD,monthly_recurring_revenue
churn:month:2024-03-01:2024-03-31:industry:EdTech:none,2024-03-01,2024-03-31,registered_at_start,shared,available,,accounts|subscriptions|churn_events,build_monthly_churn:v1,month,industry,EdTech,none,25,25,2,0,0,0,True,0.08,account_churn/account_month,0.02222040128484759,0.24966108950395322,0.95,wilson,,,,,,,,,13477.0,2,0,129540.0,2024-03-01,USD,monthly_recurring_revenue
churn:month:2024-03-01:2024-03-31:industry:FinTech:none,2024-03-01,2024-03-31,registered_at_start,shared,available,,accounts|subscriptions|churn_events,build_monthly_churn:v1,month,industry,FinTech,none,38,38,5,0,0,0,True,0.13157894736842105,account_churn/account_month,0.05753867690120132,0.2732685944229132,0.95,wilson,,,,,,,,,48819.0,5,0,285846.0,2024-03-01,USD,monthly_recurring_revenue
churn:month:2024-03-01:2024-03-31:industry:HealthTech:none,2024-03-01,2024-03-31,registered_at_start,shared,available,,accounts|subscriptions|churn_events,build_monthly_churn:v1,month,industry,HealthTech,none,44,44,1,0,0,0,True,0.022727272727272728,account_churn/account_month,0.004023252060053238,0.1180770969821329,0.95,wilson,,,,,,,,,4360.0,1,0,277118.0,2024-03-01,USD,monthly_recurring_revenue
churn:month:2024-03-01:2024-03-31:country:AU:none,2024-03-01,2024-03-31,registered_at_start,shared,available,,accounts|subscriptions|churn_events,build_monthly_churn:v1,month,country,AU,none,10,10,2,0,0,0,True,0.2,account_churn/account_month,0.056682151454375246,0.5098375284633583,0.95,wilson,,,,,,,,,7761.0,2,0,36403.0,2024-03-01,USD,monthly_recurring_revenue
churn:month:2024-03-01:2024-03-31:country:CA:none,2024-03-01,2024-03-31,registered_at_start,shared,available,,accounts|subscriptions|churn_events,build_monthly_churn:v1,month,country,CA,none,11,11,3,0,0,0,True,0.2727272727272727,account_churn/account_month,0.09746059290024889,0.5656453011761292,0.95,wilson,,,,,,,,,22883.0,3,0,41228.0,2024-03-01,USD,monthly_recurring_revenue
churn:month:2024-03-01:2024-03-31:country:DE:none,2024-03-01,2024-03-31,registered_at_start,shared,available,,accounts|subscriptions|churn_events,build_monthly_churn:v1,month,country,DE,none,12,12,0,0,0,0,True,0.0,account_churn/account_month,0.0,0.24249400665524096,0.95,wilson,,,,,,,,,0.0,0,0,58220.0,2024-03-01,USD,monthly_recurring_revenue
churn:month:2024-03-01:2024-03-31:country:FR:none,2024-03-01,2024-03-31,registered_at_start,shared,available,,accounts|subscriptions|churn_events,build_monthly_churn:v1,month,country,FR,none,10,10,1,0,0,0,True,0.1,account_churn/account_month,0.017876213095072924,0.40415002679523854,0.95,wilson,,,,,,,,,0.0,1,0,40164.0,2024-03-01,USD,monthly_recurring_revenue
churn:month:2024-03-01:2024-03-31:country:IN:none,2024-03-01,2024-03-31,registered_at_start,shared,available,,accounts|subscriptions|churn_events,build_monthly_churn:v1,month,country,IN,none,19,19,2,0,0,0,True,0.10526315789473684,account_churn/account_month,0.029358560298870157,0.31394082711109017,0.95,wilson,,,,,,,,,7820.0,2,0,179243.0,2024-03-01,USD,monthly_recurring_revenue
churn:month:2024-03-01:2024-03-31:country:UK:none,2024-03-01,2024-03-31,registered_at_start,shared,available,,accounts|subscriptions|churn_events,build_monthly_churn:v1,month,country,UK,none,19,19,0,0,0,0,True,0.0,account_churn/account_month,1.3877787807814457e-17,0.16817922405261632,0.95,wilson,,,,,,,,,0.0,0,0,128085.0,2024-03-01,USD,monthly_recurring_revenue
churn:month:2024-03-01:2024-03-31:country:US:none,2024-03-01,2024-03-31,registered_at_start,shared,available,,accounts|subscriptions|churn_events,build_monthly_churn:v1,month,country,US,none,97,97,5,0,0,0,True,0.05154639175257732,account_churn/account_month,0.022216051037510585,0.11504355411462805,0.95,wilson,,,,,,,,,42843.0,5,0,716764.0,2024-03-01,USD,monthly_recurring_revenue
churn:month:2024-03-01:2024-03-31:referral_source:ads:none,2024-03-01,2024-03-31,registered_at_start,shared,available,,accounts|subscriptions|churn_events,build_monthly_churn:v1,month,referral_source,ads,none,43,43,5,0,0,0,True,0.11627906976744186,account_churn/account_month,0.050704277398041675,0.24479161810082134,0.95,wilson,,,,,,,,,37586.0,5,0,285015.0,2024-03-01,USD,monthly_recurring_revenue
churn:month:2024-03-01:2024-03-31:referral_source:event:none,2024-03-01,2024-03-31,registered_at_start,shared,available,,accounts|subscriptions|churn_events,build_monthly_churn:v1,month,referral_source,event,none,31,31,1,0,0,0,True,0.03225806451612903,account_churn/account_month,0.005717221525416816,0.16194105164724912,0.95,wilson,,,,,,,,,0.0,1,0,209288.0,2024-03-01,USD,monthly_recurring_revenue
churn:month:2024-03-01:2024-03-31:referral_source:organic:none,2024-03-01,2024-03-31,registered_at_start,shared,available,,accounts|subscriptions|churn_events,build_monthly_churn:v1,month,referral_source,organic,none,39,39,2,0,0,0,True,0.05128205128205128,account_churn/account_month,0.014177955415274113,0.16885640047613615,0.95,wilson,,,,,,,,,13048.0,2,0,347566.0,2024-03-01,USD,monthly_recurring_revenue
churn:month:2024-03-01:2024-03-31:referral_source:other:none,2024-03-01,2024-03-31,registered_at_start,shared,available,,accounts|subscriptions|churn_events,build_monthly_churn:v1,month,referral_source,other,none,32,32,4,0,0,0,True,0.125,account_churn/account_month,0.0497013438748007,0.2806830548165023,0.95,wilson,,,,,,,,,27243.0,4,0,157845.0,2024-03-01,USD,monthly_recurring_revenue
churn:month:2024-03-01:2024-03-31:referral_source:partner:none,2024-03-01,2024-03-31,registered_at_start,shared,available,,accounts|subscriptions|churn_events,build_monthly_churn:v1,month,referral_source,partner,none,33,33,1,0,0,0,True,0.030303030303030304,account_churn/account_month,0.00536941053687183,0.15318725382118925,0.95,wilson,,,,,,,,,3430.0,1,0,200393.0,2024-03-01,USD,monthly_recurring_revenue
churn:month:2024-03-01:2024-03-31:plan_tier:Basic:none,2024-03-01,2024-03-31,registered_at_start,shared,available,,accounts|subscriptions|churn_events,build_monthly_churn:v1,month,plan_tier,Basic,none,14,14,1,0,0,0,True,0.07142857142857142,account_churn/account_month,0.012722215247890939,0.3146870442415113,0.95,wilson,,,,,,,,,0.0,1,0,9614.0,2024-03-01,USD,monthly_recurring_revenue
churn:month:2024-03-01:2024-03-31:plan_tier:Enterprise:none,2024-03-01,2024-03-31,registered_at_start,shared,available,,accounts|subscriptions|churn_events,build_monthly_churn:v1,month,plan_tier,Enterprise,none,11,11,0,0,0,0,True,0.0,account_churn/account_month,0.0,0.2588329669680318,0.95,wilson,,,,,,,,,0.0,0,0,55322.0,2024-03-01,USD,monthly_recurring_revenue
churn:month:2024-03-01:2024-03-31:plan_tier:Pro:none,2024-03-01,2024-03-31,registered_at_start,shared,available,,accounts|subscriptions|churn_events,build_monthly_churn:v1,month,plan_tier,Pro,none,12,12,1,0,0,0,True,0.08333333333333333,account_churn/account_month,0.014865094404917095,0.35387991114111705,0.95,wilson,,,,,,,,,3430.0,1,0,34104.0,2024-03-01,USD,monthly_recurring_revenue
churn:month:2024-03-01:2024-03-31:plan_tier:mixed:none,2024-03-01,2024-03-31,registered_at_start,shared,available,,accounts|subscriptions|churn_events,build_monthly_churn:v1,month,plan_tier,mixed,none,119,119,9,0,0,0,True,0.07563025210084033,account_churn/account_month,0.04029724166083565,0.13750477266215505,0.95,wilson,,,,,,,,,77877.0,9,0,1101067.0,2024-03-01,USD,monthly_recurring_revenue
churn:month:2024-03-01:2024-03-31:plan_tier:unknown:none,2024-03-01,2024-03-31,registered_at_start,shared,available,,accounts|subscriptions|churn_events,build_monthly_churn:v1,month,plan_tier,unknown,none,22,22,2,0,0,0,True,0.09090909090909091,account_churn/account_month,0.025295428990995267,0.27814946841605825,0.95,wilson,,,,,,,,,0.0,2,0,0.0,2024-03-01,USD,monthly_recurring_revenue
churn:month:2024-03-01:2024-03-31:billing_frequency:annual:none,2024-03-01,2024-03-31,registered_at_start,shared,available,,accounts|subscriptions|churn_events,build_monthly_churn:v1,month,billing_frequency,annual,none,24,24,1,0,0,0,True,0.041666666666666664,account_churn/account_month,0.007393456165505796,0.20241806478655947,0.95,wilson,,,,,,,,,0.0,1,0,77941.0,2024-03-01,USD,monthly_recurring_revenue
churn:month:2024-03-01:2024-03-31:billing_frequency:mixed:none,2024-03-01,2024-03-31,registered_at_start,shared,available,,accounts|subscriptions|churn_events,build_monthly_churn:v1,month,billing_frequency,mixed,none,112,112,10,0,0,0,True,0.08928571428571429,account_churn/account_month,0.04922153008054796,0.1565895764387274,0.95,wilson,,,,,,,,,81307.0,10,0,1084392.0,2024-03-01,USD,monthly_recurring_revenue
churn:month:2024-03-01:2024-03-31:billing_frequency:monthly:none,2024-03-01,2024-03-31,registered_at_start,shared,available,,accounts|subscriptions|churn_events,build_monthly_churn:v1,month,billing_frequency,monthly,none,20,20,0,0,0,0,True,0.0,account_churn/account_month,0.0,0.1611251580528194,0.95,wilson,,,,,,,,,0.0,0,0,37774.0,2024-03-01,USD,monthly_recurring_revenue
churn:month:2024-03-01:2024-03-31:billing_frequency:unknown:none,2024-03-01,2024-03-31,registered_at_start,shared,available,,accounts|subscriptions|churn_events,build_monthly_churn:v1,month,billing_frequency,unknown,none,22,22,2,0,0,0,True,0.09090909090909091,account_churn/account_month,0.025295428990995267,0.27814946841605825,0.95,wilson,,,,,,,,,0.0,2,0,0.0,2024-03-01,USD,monthly_recurring_revenue
churn:month:2024-03-01:2024-03-31:is_trial:False:none,2024-03-01,2024-03-31,registered_at_start,shared,available,,accounts|subscriptions|churn_events,build_monthly_churn:v1,month,is_trial,False,none,75,75,6,0,0,0,True,0.08,account_churn/account_month,0.037180124350333854,0.1637479033352231,0.95,wilson,,,,,,,,,58901.0,6,0,610139.0,2024-03-01,USD,monthly_recurring_revenue
churn:month:2024-03-01:2024-03-31:is_trial:True:none,2024-03-01,2024-03-31,registered_at_start,shared,available,,accounts|subscriptions|churn_events,build_monthly_churn:v1,month,is_trial,True,none,8,8,1,0,0,0,True,0.125,account_churn/account_month,0.022417491450056642,0.47088818221285356,0.95,wilson,,,,,,,,,0.0,1,0,0.0,2024-03-01,USD,monthly_recurring_revenue
churn:month:2024-03-01:2024-03-31:is_trial:mixed:none,2024-03-01,2024-03-31,registered_at_start,shared,available,,accounts|subscriptions|churn_events,build_monthly_churn:v1,month,is_trial,mixed,none,73,73,4,0,0,0,True,0.0547945205479452,account_churn/account_month,0.0215124974156973,0.13258997542159753,0.95,wilson,,,,,,,,,22406.0,4,0,589968.0,2024-03-01,USD,monthly_recurring_revenue
churn:month:2024-03-01:2024-03-31:is_trial:unknown:none,2024-03-01,2024-03-31,registered_at_start,shared,available,,accounts|subscriptions|churn_events,build_monthly_churn:v1,month,is_trial,unknown,none,22,22,2,0,0,0,True,0.09090909090909091,account_churn/account_month,0.025295428990995267,0.27814946841605825,0.95,wilson,,,,,,,,,0.0,2,0,0.0,2024-03-01,USD,monthly_recurring_revenue
churn:month:2024-03-01:2024-03-31:mrr_band:high:none,2024-03-01,2024-03-31,registered_at_start,shared,available,,accounts|subscriptions|churn_events,build_monthly_churn:v1,month,mrr_band,high,none,114,114,10,0,0,0,True,0.08771929824561403,account_churn/account_month,0.048345105411009885,0.15397298415856128,0.95,wilson,,,,,,,,,81307.0,10,0,1161749.0,2024-03-01,USD,monthly_recurring_revenue
churn:month:2024-03-01:2024-03-31:mrr_band:low:none,2024-03-01,2024-03-31,registered_at_start,shared,available,,accounts|subscriptions|churn_events,build_monthly_churn:v1,month,mrr_band,low,none,33,33,3,0,0,0,True,0.09090909090909091,account_churn/account_month,0.03140394152458163,0.23572605646469735,0.95,wilson,,,,,,,,,0.0,3,0,589.0,2024-03-01,USD,monthly_recurring_revenue
churn:month:2024-03-01:2024-03-31:mrr_band:mid:none,2024-03-01,2024-03-31,registered_at_start,shared,available,,accounts|subscriptions|churn_events,build_monthly_churn:v1,month,mrr_band,mid,none,31,31,0,0,0,0,True,0.0,account_churn/account_month,0.0,0.110255395460436,0.95,wilson,,,,,,,,,0.0,0,0,37769.0,2024-03-01,USD,monthly_recurring_revenue
churn:month:2024-04-01:2024-04-30:all:all:none,2024-04-01,2024-04-30,registered_at_start,shared,available,,accounts|subscriptions|churn_events,build_monthly_churn:v1,month,all,all,none,186,186,13,22,1,3,True,0.06989247311827956,account_churn/account_month,0.041297216253746924,0.11589425818008305,0.95,wilson,,,,,,,,,66539.0,13,0,1406832.0,2024-04-01,USD,monthly_recurring_revenue
churn:month:2024-04-01:2024-04-30:industry:Cybersecurity:none,2024-04-01,2024-04-30,registered_at_start,shared,available,,accounts|subscriptions|churn_events,build_monthly_churn:v1,month,industry,Cybersecurity,none,29,29,3,0,0,0,True,0.10344827586206896,account_churn/account_month,0.035814891350677044,0.26385081090773804,0.95,wilson,,,,,,,,,27081.0,3,0,186820.0,2024-04-01,USD,monthly_recurring_revenue
churn:month:2024-04-01:2024-04-30:industry:DevTools:none,2024-04-01,2024-04-30,registered_at_start,shared,available,,accounts|subscriptions|churn_events,build_monthly_churn:v1,month,industry,DevTools,none,43,43,1,0,0,0,True,0.023255813953488372,account_churn/account_month,0.004117087274333769,0.12058993440607181,0.95,wilson,,,,,,,,,5842.0,1,0,416395.0,2024-04-01,USD,monthly_recurring_revenue
churn:month:2024-04-01:2024-04-30:industry:EdTech:none,2024-04-01,2024-04-30,registered_at_start,shared,available,,accounts|subscriptions|churn_events,build_monthly_churn:v1,month,industry,EdTech,none,28,28,3,0,0,0,True,0.10714285714285714,account_churn/account_month,0.03711836682929999,0.2719585154867216,0.95,wilson,,,,,,,,,8491.0,3,0,143455.0,2024-04-01,USD,monthly_recurring_revenue
churn:month:2024-04-01:2024-04-30:industry:FinTech:none,2024-04-01,2024-04-30,registered_at_start,shared,available,,accounts|subscriptions|churn_events,build_monthly_churn:v1,month,industry,FinTech,none,37,37,2,0,0,0,True,0.05405405405405406,account_churn/account_month,0.014950976833157673,0.17704654350813104,0.95,wilson,,,,,,,,,11727.0,2,0,308465.0,2024-04-01,USD,monthly_recurring_revenue
churn:month:2024-04-01:2024-04-30:industry:HealthTech:none,2024-04-01,2024-04-30,registered_at_start,shared,available,,accounts|subscriptions|churn_events,build_monthly_churn:v1,month,industry,HealthTech,none,49,49,4,0,0,0,True,0.08163265306122448,account_churn/account_month,0.03220281766776367,0.1918912759657129,0.95,wilson,,,,,,,,,13398.0,4,0,351697.0,2024-04-01,USD,monthly_recurring_revenue
churn:month:2024-04-01:2024-04-30:country:AU:none,2024-04-01,2024-04-30,registered_at_start,shared,available,,accounts|subscriptions|churn_events,build_monthly_churn:v1,month,country,AU,none,10,10,1,0,0,0,True,0.1,account_churn/account_month,0.017876213095072924,0.40415002679523854,0.95,wilson,,,,,,,,,7960.0,1,0,39549.0,2024-04-01,USD,monthly_recurring_revenue
churn:month:2024-04-01:2024-04-30:country:CA:none,2024-04-01,2024-04-30,registered_at_start,shared,available,,accounts|subscriptions|churn_events,build_monthly_churn:v1,month,country,CA,none,9,9,1,0,0,0,True,0.1111111111111111,account_churn/account_month,0.019890887638544935,0.4349997055766561,0.95,wilson,,,,,,,,,5842.0,1,0,34111.0,2024-04-01,USD,monthly_recurring_revenue
churn:month:2024-04-01:2024-04-30:country:DE:none,2024-04-01,2024-04-30,registered_at_start,shared,available,,accounts|subscriptions|churn_events,build_monthly_churn:v1,month,country,DE,none,14,14,1,0,0,0,True,0.07142857142857142,account_churn/account_month,0.012722215247890939,0.3146870442415113,0.95,wilson,,,,,,,,,7363.0,1,0,85300.0,2024-04-01,USD,monthly_recurring_revenue
churn:month:2024-04-01:2024-04-30:country:FR:none,2024-04-01,2024-04-30,registered_at_start,shared,available,,accounts|subscriptions|churn_events,build_monthly_churn:v1,month,country,FR,none,10,10,2,0,0,0,True,0.2,account_churn/account_month,0.056682151454375246,0.5098375284633583,0.95,wilson,,,,,,,,,3400.0,2,0,75984.0,2024-04-01,USD,monthly_recurring_revenue
churn:month:2024-04-01:2024-04-30:country:IN:none,2024-04-01,2024-04-30,registered_at_start,shared,available,,accounts|subscriptions|churn_events,build_monthly_churn:v1,month,country,IN,none,19,19,1,0,0,0,True,0.05263157894736842,account_churn/account_month,0.00935199406230039,0.24638731166898795,0.95,wilson,,,,,,,,,1672.0,1,0,185848.0,2024-04-01,USD,monthly_recurring_revenue
churn:month:2024-04-01:2024-04-30:country:UK:none,2024-04-01,2024-04-30,registered_at_start,shared,available,,accounts|subscriptions|churn_events,build_monthly_churn:v1,month,country,UK,none,22,22,2,0,0,0,True,0.09090909090909091,account_churn/account_month,0.025295428990995267,0.27814946841605825,0.95,wilson,,,,,,,,,27448.0,2,0,148393.0,2024-04-01,USD,monthly_recurring_revenue
churn:month:2024-04-01:2024-04-30:country:US:none,2024-04-01,2024-04-30,registered_at_start,shared,available,,accounts|subscriptions|churn_events,build_monthly_churn:v1,month,country,US,none,102,102,5,0,0,0,True,0.049019607843137254,account_churn/account_month,0.021117596548914284,0.10965780068122896,0.95,wilson,,,,,,,,,12854.0,5,0,837647.0,2024-04-01,USD,monthly_recurring_revenue
churn:month:2024-04-01:2024-04-30:referral_source:ads:none,2024-04-01,2024-04-30,registered_at_start,shared,available,,accounts|subscriptions|churn_events,build_monthly_churn:v1,month,referral_source,ads,none,42,42,3,0,0,0,True,0.07142857142857142,account_churn/account_month,0.02459040987330592,0.1900942680115832,0.95,wilson,,,,,,,,,16849.0,3,0,317788.0,2024-04-01,USD,monthly_recurring_revenue
churn:month:2024-04-01:2024-04-30:referral_source:event:none,2024-04-01,2024-04-30,registered_at_start,shared,available,,accounts|subscriptions|churn_events,build_monthly_churn:v1,month,referral_source,event,none,35,35,3,0,0,0,True,0.08571428571428572,account_churn/account_month,0.02958236826696979,0.22379273965896496,0.95,wilson,,,,,,,,,11360.0,3,0,251446.0,2024-04-01,USD,monthly_recurring_revenue
churn:month:2024-04-01:2024-04-30:referral_source:organic:none,2024-04-01,2024-04-30,registered_at_start,shared,available,,accounts|subscriptions|churn_events,build_monthly_churn:v1,month,referral_source,organic,none,40,40,2,0,0,0,True,0.05,account_churn/account_month,0.013820667386148358,0.16503877369140968,0.95,wilson,,,,,,,,,19090.0,2,0,427179.0,2024-04-01,USD,monthly_recurring_revenue
churn:month:2024-04-01:2024-04-30:referral_source:other:none,2024-04-01,2024-04-30,registered_at_start,shared,available,,accounts|subscriptions|churn_events,build_monthly_churn:v1,month,referral_source,other,none,35,35,4,0,0,0,True,0.11428571428571428,account_churn/account_month,0.04535179333097357,0.25951468646213816,0.95,wilson,,,,,,,,,19240.0,4,0,179066.0,2024-04-01,USD,monthly_recurring_revenue
churn:month:2024-04-01:2024-04-30:referral_source:partner:none,2024-04-01,2024-04-30,registered_at_start,shared,available,,accounts|subscriptions|churn_events,build_monthly_churn:v1,month,referral_source,partner,none,34,34,1,0,0,0,True,0.029411764705882353,account_churn/account_month,0.0052109062762689395,0.14915573292685935,0.95,wilson,,,,,,,,,0.0,1,0,231353.0,2024-04-01,USD,monthly_recurring_revenue
churn:month:2024-04-01:2024-04-30:plan_tier:Basic:none,2024-04-01,2024-04-30,registered_at_start,shared,available,,accounts|subscriptions|churn_events,build_monthly_churn:v1,month,plan_tier,Basic,none,13,13,1,0,0,0,True,0.07692307692307693,account_churn/account_month,0.013710421242556586,0.333139509210996,0.95,wilson,,,,,,,,,1672.0,1,0,9994.0,2024-04-01,USD,monthly_recurring_revenue
churn:month:2024-04-01:2024-04-30:plan_tier:Enterprise:none,2024-04-01,2024-04-30,registered_at_start,shared,available,,accounts|subscriptions|churn_events,build_monthly_churn:v1,month,plan_tier,Enterprise,none,22,22,2,0,0,0,True,0.09090909090909091,account_churn/account_month,0.025295428990995267,0.27814946841605825,0.95,wilson,,,,,,,,,23084.0,2,0,120594.0,2024-04-01,USD,monthly_recurring_revenue
churn:month:2024-04-01:2024-04-30:plan_tier:Pro:none,2024-04-01,2024-04-30,registered_at_start,shared,available,,accounts|subscriptions|churn_events,build_monthly_churn:v1,month,plan_tier,Pro,none,11,11,0,0,0,0,True,0.0,account_churn/account_month,0.0,0.2588329669680318,0.95,wilson,,,,,,,,,0.0,0,0,30772.0,2024-04-01,USD,monthly_recurring_revenue
churn:month:2024-04-01:2024-04-30:plan_tier:mixed:none,2024-04-01,2024-04-30,registered_at_start,shared,available,,accounts|subscriptions|churn_events,build_monthly_churn:v1,month,plan_tier,mixed,none,126,126,5,0,0,0,True,0.03968253968253968,account_churn/account_month,0.01706711308016963,0.08953565422090196,0.95,wilson,,,,,,,,,33823.0,5,0,1245472.0,2024-04-01,USD,monthly_recurring_revenue
churn:month:2024-04-01:2024-04-30:plan_tier:unknown:none,2024-04-01,2024-04-30,registered_at_start,shared,available,,accounts|subscriptions|churn_events,build_monthly_churn:v1,month,plan_tier,unknown,none,14,14,5,0,0,0,True,0.35714285714285715,account_churn/account_month,0.16344731753554134,0.612355768960926,0.95,wilson,,,,,,,,,7960.0,5,0,0.0,2024-04-01,USD,monthly_recurring_revenue
churn:month:2024-04-01:2024-04-30:billing_frequency:annual:none,2024-04-01,2024-04-30,registered_at_start,shared,available,,accounts|subscriptions|churn_events,build_monthly_churn:v1,month,billing_frequency,annual,none,25,25,4,0,0,0,True,0.16,account_churn/account_month,0.06403451456676437,0.34653621607178864,0.95,wilson,,,,,,,,,26635.0,4,0,73810.0,2024-04-01,USD,monthly_recurring_revenue
churn:month:2024-04-01:2024-04-30:billing_frequency:mixed:none,2024-04-01,2024-04-30,registered_at_start,shared,available,,accounts|subscriptions|churn_events,build_monthly_churn:v1,month,billing_frequency,mixed,none,124,124,3,0,0,0,True,0.024193548387096774,account_churn/account_month,0.008261618671859847,0.06872012818459153,0.95,wilson,,,,,,,,,30816.0,3,0,1270262.0,2024-04-01,USD,monthly_recurring_revenue
churn:month:2024-04-01:2024-04-30:billing_frequency:monthly:none,2024-04-01,2024-04-30,registered_at_start,shared,available,,accounts|subscriptions|churn_events,build_monthly_churn:v1,month,billing_frequency,monthly,none,23,23,1,0,0,0,True,0.043478260869565216,account_churn/account_month,0.007716666143453163,0.20991155070258882,0.95,wilson,,,,,,,,,1128.0,1,0,62760.0,2024-04-01,USD,monthly_recurring_revenue
churn:month:2024-04-01:2024-04-30:billing_frequency:unknown:none,2024-04-01,2024-04-30,registered_at_start,shared,available,,accounts|subscriptions|churn_events,build_monthly_churn:v1,month,billing_frequency,unknown,none,14,14,5,0,0,0,True,0.35714285714285715,account_churn/account_month,0.16344731753554134,0.612355768960926,0.95,wilson,,,,,,,,,7960.0,5,0,0.0,2024-04-01,USD,monthly_recurring_revenue
churn:month:2024-04-01:2024-04-30:is_trial:False:none,2024-04-01,2024-04-30,registered_at_start,shared,available,,accounts|subscriptions|churn_events,build_monthly_churn:v1,month,is_trial,False,none,86,86,5,0,0,0,True,0.05813953488372093,account_churn/account_month,0.025086935621079658,0.12897844802678557,0.95,wilson,,,,,,,,,27763.0,5,0,702283.0,2024-04-01,USD,monthly_recurring_revenue
churn:month:2024-04-01:2024-04-30:is_trial:True:none,2024-04-01,2024-04-30,registered_at_start,shared,available,,accounts|subscriptions|churn_events,build_monthly_churn:v1,month,is_trial,True,none,7,7,0,0,0,0,True,0.0,account_churn/account_month,2.7755575615628914e-17,0.3543304350666875,0.95,wilson,,,,,,,,,0.0,0,0,0.0,2024-04-01,USD,monthly_recurring_revenue
churn:month:2024-04-01:2024-04-30:is_trial:mixed:none,2024-04-01,2024-04-30,registered_at_start,shared,available,,accounts|subscriptions|churn_events,build_monthly_churn:v1,month,is_trial,mixed,none,79,79,3,0,0,0,True,0.0379746835443038,account_churn/account_month,0.012998086889435878,0.10580062767684711,0.95,wilson,,,,,,,,,30816.0,3,0,704549.0,2024-04-01,USD,monthly_recurring_revenue
churn:month:2024-04-01:2024-04-30:is_trial:unknown:none,2024-04-01,2024-04-30,registered_at_start,shared,available,,accounts|subscriptions|churn_events,build_monthly_churn:v1,month,is_trial,unknown,none,14,14,5,0,0,0,True,0.35714285714285715,account_churn/account_month,0.16344731753554134,0.612355768960926,0.95,wilson,,,,,,,,,7960.0,5,0,0.0,2024-04-01,USD,monthly_recurring_revenue
churn:month:2024-04-01:2024-04-30:mrr_band:high:none,2024-04-01,2024-04-30,registered_at_start,shared,available,,accounts|subscriptions|churn_events,build_monthly_churn:v1,month,mrr_band,high,none,134,134,6,0,0,0,True,0.04477611940298507,account_churn/account_month,0.0206804888533886,0.09424472273553466,0.95,wilson,,,,,,,,,55779.0,6,0,1373465.0,2024-04-01,USD,monthly_recurring_revenue
churn:month:2024-04-01:2024-04-30:mrr_band:low:none,2024-04-01,2024-04-30,registered_at_start,shared,available,,accounts|subscriptions|churn_events,build_monthly_churn:v1,month,mrr_band,low,none,27,27,5,0,0,0,True,0.18518518518518517,account_churn/account_month,0.08180707142976532,0.36698683618548433,0.95,wilson,,,,,,,,,7960.0,5,0,1491.0,2024-04-01,USD,monthly_recurring_revenue
churn:month:2024-04-01:2024-04-30:mrr_band:mid:none,2024-04-01,2024-04-30,registered_at_start,shared,available,,accounts|subscriptions|churn_events,build_monthly_churn:v1,month,mrr_band,mid,none,25,25,2,0,0,0,True,0.08,account_churn/account_month,0.02222040128484759,0.24966108950395322,0.95,wilson,,,,,,,,,2800.0,2,0,31876.0,2024-04-01,USD,monthly_recurring_revenue
churn:month:2024-05-01:2024-05-31:all:all:none,2024-05-01,2024-05-31,registered_at_start,shared,available,,accounts|subscriptions|churn_events,build_monthly_churn:v1,month,all,all,none,194,194,16,22,1,3,True,0.08247422680412371,account_churn/account_month,0.05140166845020743,0.12976085953730418,0.95,wilson,,,,,,,,,93326.0,16,0,1589912.0,2024-05-01,USD,monthly_recurring_revenue
churn:month:2024-05-01:2024-05-31:industry:Cybersecurity:none,2024-05-01,2024-05-31,registered_at_start,shared,available,,accounts|subscriptions|churn_events,build_monthly_churn:v1,month,industry,Cybersecurity,none,29,29,1,0,0,0,True,0.034482758620689655,account_churn/account_month,0.006113214292762667,0.17175521879320294,0.95,wilson,,,,,,,,,16187.0,1,0,204224.0,2024-05-01,USD,monthly_recurring_revenue
churn:month:2024-05-01:2024-05-31:industry:DevTools:none,2024-05-01,2024-05-31,registered_at_start,shared,available,,accounts|subscriptions|churn_events,build_monthly_churn:v1,month,industry,DevTools,none,47,47,7,0,0,0,True,0.14893617021276595,account_churn/account_month,0.0740671999643172,0.27685622423593553,0.95,wilson,,,,,,,,,26235.0,7,0,445075.0,2024-05-01,USD,monthly_recurring_revenue
churn:month:2024-05-01:2024-05-31:industry:EdTech:none,2024-05-01,2024-05-31,registered_at_start,shared,available,,accounts|subscriptions|churn_events,build_monthly_churn:v1,month,industry,EdTech,none,29,29,1,0,0,0,True,0.034482758620689655,account_churn/account_month,0.006113214292762667,0.17175521879320294,0.95,wilson,,,,,,,,,2945.0,1,0,183475.0,2024-05-01,USD,monthly_recurring_revenue
churn:month:2024-05-01:2024-05-31:industry:FinTech:none,2024-05-01,2024-05-31,registered_at_start,shared,available,,accounts|subscriptions|churn_events,build_monthly_churn:v1,month,industry,FinTech,none,40,40,2,0,0,0,True,0.05,account_churn/account_month,0.013820667386148358,0.16503877369140968,0.95,wilson,,,,,,,,,2183.0,2,0,339965.0,2024-05-01,USD,monthly_recurring_revenue
churn:month:2024-05-01:2024-05-31:industry:HealthTech:none,2024-05-01,2024-05-31,registered_at_start,shared,available,,accounts|subscriptions|churn_events,build_monthly_churn:v1,month,industry,HealthTech,none,49,49,5,0,0,0,True,0.10204081632653061,account_churn/account_month,0.04437954674476263,0.21756361549195896,0.95,wilson,,,,,,,,,45776.0,5,0,417173.0,2024-05-01,USD,monthly_recurring_revenue
churn:month:2024-05-01:2024-05-31:country:AU:none,2024-05-01,2024-05-31,registered_at_start,shared,available,,accounts|subscriptions|churn_events,build_monthly_churn:v1,month,country,AU,none,11,11,2,0,0,0,True,0.18181818181818182,account_churn/account_month,0.051367689746085105,0.47698056196084426,0.95,wilson,,,,,,,,,15588.0,2,0,78230.0,2024-05-01,USD,monthly_recurring_revenue
churn:month:2024-05-01:2024-05-31:country:CA:none,2024-05-01,2024-05-31,registered_at_start,shared,available,,accounts|subscriptions|churn_events,build_monthly_churn:v1,month,country,CA,none,9,9,2,0,0,0,True,0.2222222222222222,account_churn/account_month,0.06322510711784671,0.5474110308930111,0.95,wilson,,,,,,,,,1176.0,2,0,29445.0,2024-05-01,USD,monthly_recurring_revenue
churn:month:2024-05-01:2024-05-31:country:DE:none,2024-05-01,2024-05-31,registered_at_start,shared,available,,accounts|subscriptions|churn_events,build_monthly_churn:v1,month,country,DE,none,13,13,0,0,0,0,True,0.0,account_churn/account_month,0.0,0.22809537235419847,0.95,wilson,,,,,,,,,0.0,0,0,98180.0,2024-05-01,USD,monthly_recurring_revenue
churn:month:2024-05-01:2024-05-31:country:FR:none,2024-05-01,2024-05-31,registered_at_start,shared,available,,accounts|subscriptions|churn_events,build_monthly_churn:v1,month,country,FR,none,9,9,1,0,0,0,True,0.1111111111111111,account_churn/account_month,0.019890887638544935,0.4349997055766561,0.95,wilson,,,,,,,,,6366.0,1,0,91956.0,2024-05-01,USD,monthly_recurring_revenue
churn:month:2024-05-01:2024-05-31:country:IN:none,2024-05-01,2024-05-31,registered_at_start,shared,available,,accounts|subscriptions|churn_events,build_monthly_churn:v1,month,country,IN,none,20,20,2,0,0,0,True,0.1,account_churn/account_month,0.027866481213768196,0.3010336452284873,0.95,wilson,,,,,,,,,22151.0,2,0,213448.0,2024-05-01,USD,monthly_recurring_revenue
churn:month:2024-05-01:2024-05-31:country:UK:none,2024-05-01,2024-05-31,registered_at_start,shared,available,,accounts|subscriptions|churn_events,build_monthly_churn:v1,month,country,UK,none,25,25,3,0,0,0,True,0.12,account_churn/account_month,0.04166817150440355,0.2995579392092733,0.95,wilson,,,,,,,,,3718.0,3,0,131628.0,2024-05-01,USD,monthly_recurring_revenue
churn:month:2024-05-01:2024-05-31:country:US:none,2024-05-01,2024-05-31,registered_at_start,shared,available,,accounts|subscriptions|churn_events,build_monthly_churn:v1,month,country,US,none,107,107,6,0,0,0,True,0.056074766355140186,account_churn/account_month,0.025950362503624806,0.11696961517657262,0.95,wilson,,,,,,,,,44327.0,6,0,947025.0,2024-05-01,USD,monthly_recurring_revenue
churn:month:2024-05-01:2024-05-31:referral_source:ads:none,2024-05-01,2024-05-31,registered_at_start,shared,available,,accounts|subscriptions|churn_events,build_monthly_churn:v1,month,referral_source,ads,none,46,46,2,0,0,0,True,0.043478260869565216,account_churn/account_month,0.01200544559855661,0.14532259026219074,0.95,wilson,,,,,,,,,9422.0,2,0,337683.0,2024-05-01,USD,monthly_recurring_revenue
churn:month:2024-05-01:2024-05-31:referral_source:event:none,2024-05-01,2024-05-31,registered_at_start,shared,available,,accounts|subscriptions|churn_events,build_monthly_churn:v1,month,referral_source,event,none,37,37,2,0,0,0,True,0.05405405405405406,account_churn/account_month,0.014950976833157673,0.17704654350813104,0.95,wilson,,,,,,,,,6758.0,2,0,286335.0,2024-05-01,USD,monthly_recurring_revenue
churn:month:2024-05-01:2024-05-31:referral_source:organic:none,2024-05-01,2024-05-31,registered_at_start,shared,available,,accounts|subscriptions|churn_events,build_monthly_churn:v1,month,referral_source,organic,none,43,43,6,0,0,0,True,0.13953488372093023,account_churn/account_month,0.0655572342796488,0.27263587967382863,0.95,wilson,,,,,,,,,53590.0,6,0,471423.0,2024-05-01,USD,monthly_recurring_revenue
churn:month:2024-05-01:2024-05-31:referral_source:other:none,2024-05-01,2024-05-31,registered_at_start,shared,available,,accounts|subscriptions|churn_events,build_monthly_churn:v1,month,referral_source,other,none,34,34,4,0,0,0,True,0.11764705882352941,account_churn/account_month,0.046714466648823366,0.26620842770371833,0.95,wilson,,,,,,,,,5578.0,4,0,203300.0,2024-05-01,USD,monthly_recurring_revenue
churn:month:2024-05-01:2024-05-31:referral_source:partner:none,2024-05-01,2024-05-31,registered_at_start,shared,available,,accounts|subscriptions|churn_events,build_monthly_churn:v1,month,referral_source,partner,none,34,34,2,0,0,0,True,0.058823529411764705,account_churn/account_month,0.016282655210122732,0.19093606904281005,0.95,wilson,,,,,,,,,17978.0,2,0,291171.0,2024-05-01,USD,monthly_recurring_revenue
churn:month:2024-05-01:2024-05-31:plan_tier:Basic:none,2024-05-01,2024-05-31,registered_at_start,shared,available,,accounts|subscriptions|churn_events,build_monthly_churn:v1,month,plan_tier,Basic,none,8,8,1,0,0,0,True,0.125,account_churn/account_month,0.022417491450056642,0.47088818221285356,0.95,wilson,,,,,,,,,2945.0,1,0,7600.0,2024-05-01,USD,monthly_recurring_revenue
churn:month:2024-05-01:2024-05-31:plan_tier:Enterprise:none,2024-05-01,2024-05-31,registered_at_start,shared,available,,accounts|subscriptions|churn_events,build_monthly_churn:v1,month,plan_tier,Enterprise,none,14,14,2,0,0,0,True,0.14285714285714285,account_churn/account_month,0.04009392127146488,0.39941379496970353,0.95,wilson,,,,,,,,,7495.0,2,0,69451.0,2024-05-01,USD,monthly_recurring_revenue
churn:month:2024-05-01:2024-05-31:plan_tier:Pro:none,2024-05-01,2024-05-31,registered_at_start,shared,available,,accounts|subscriptions|churn_events,build_monthly_churn:v1,month,plan_tier,Pro,none,9,9,2,0,0,0,True,0.2222222222222222,account_churn/account_month,0.06322510711784671,0.5474110308930111,0.95,wilson,,,,,,,,,392.0,2,0,17591.0,2024-05-01,USD,monthly_recurring_revenue
churn:month:2024-05-01:2024-05-31:plan_tier:mixed:none,2024-05-01,2024-05-31,registered_at_start,shared,available,,accounts|subscriptions|churn_events,build_monthly_churn:v1,month,plan_tier,mixed,none,145,145,9,0,0,0,True,0.06206896551724138,account_churn/account_month,0.03299508241358466,0.11374802930911103,0.95,wilson,,,,,,,,,82494.0,9,0,1495270.0,2024-05-01,USD,monthly_recurring_revenue
churn:month:2024-05-01:2024-05-31:plan_tier:unknown:none,2024-05-01,2024-05-31,registered_at_start,shared,available,,accounts|subscriptions|churn_events,build_monthly_churn:v1,month,plan_tier,unknown,none,18,18,2,0,0,0,True,0.1111111111111111,account_churn/account_month,0.031019522645612363,0.3279976513017881,0.95,wilson,,,,,,,,,0.0,2,0,0.0,2024-05-01,USD,monthly_recurring_revenue
churn:month:2024-05-01:2024-05-31:billing_frequency:annual:none,2024-05-01,2024-05-31,registered_at_start,shared,available,,accounts|subscriptions|churn_events,build_monthly_churn:v1,month,billing_frequency,annual,none,21,21,3,0,0,0,True,0.14285714285714285,account_churn/account_month,0.04981012499725268,0.34636060280620945,0.95,wilson,,,,,,,,,7887.0,3,0,78826.0,2024-05-01,USD,monthly_recurring_revenue
churn:month:2024-05-01:2024-05-31:billing_frequency:mixed:none,2024-05-01,2024-05-31,registered_at_start,shared,available,,accounts|subscriptions|churn_events,build_monthly_churn:v1,month,billing_frequency,mixed,none,134,134,7,0,0,0,True,0.05223880597014925,account_churn/account_month,0.025532002054082965,0.10390263229567764,0.95,wilson,,,,,,,,,67242.0,7,0,1434716.0,2024-05-01,USD,monthly_recurring_revenue
churn:month:2024-05-01:2024-05-31:billing_frequency:monthly:none,2024-05-01,2024-05-31,registered_at_start,shared,available,,accounts|subscriptions|churn_events,build_monthly_churn:v1,month,billing_frequency,monthly,none,21,21,4,0,0,0,True,0.19047619047619047,account_churn/account_month,0.07667565052761788,0.4000056469020493,0.95,wilson,,,,,,,,,18197.0,4,0,76370.0,2024-05-01,USD,monthly_recurring_revenue
churn:month:2024-05-01:2024-05-31:billing_frequency:unknown:none,2024-05-01,2024-05-31,registered_at_start,shared,available,,accounts|subscriptions|churn_events,build_monthly_churn:v1,month,billing_frequency,unknown,none,18,18,2,0,0,0,True,0.1111111111111111,account_churn/account_month,0.031019522645612363,0.3279976513017881,0.95,wilson,,,,,,,,,0.0,2,0,0.0,2024-05-01,USD,monthly_recurring_revenue
churn:month:2024-05-01:2024-05-31:is_trial:False:none,2024-05-01,2024-05-31,registered_at_start,shared,available,,accounts|subscriptions|churn_events,build_monthly_churn:v1,month,is_trial,False,none,80,80,7,0,0,0,True,0.0875,account_churn/account_month,0.04303200178205986,0.16976795508475,0.95,wilson,,,,,,,,,47566.0,7,0,677215.0,2024-05-01,USD,monthly_recurring_revenue
churn:month:2024-05-01:2024-05-31:is_trial:True:none,2024-05-01,2024-05-31,registered_at_start,shared,available,,accounts|subscriptions|churn_events,build_monthly_churn:v1,month,is_trial,True,none,6,6,1,0,0,0,True,0.16666666666666666,account_churn/account_month,0.030053369748306635,0.5635028221864703,0.95,wilson,,,,,,,,,0.0,1,0,0.0,2024-05-01,USD,monthly_recurring_revenue
churn:month:2024-05-01:2024-05-31:is_trial:mixed:none,2024-05-01,2024-05-31,registered_at_start,shared,available,,accounts|subscriptions|churn_events,build_monthly_churn:v1,month,is_trial,mixed,none,90,90,6,0,0,0,True,0.06666666666666667,account_churn/account_month,0.030909927745827924,0.1379009477432553,0.95,wilson,,,,,,,,,45760.0,6,0,912697.0,2024-05-01,USD,monthly_recurring_revenue
churn:month:2024-05-01:2024-05-31:is_trial:unknown:none,2024-05-01,2024-05-31,registered_at_start,shared,available,,accounts|subscriptions|churn_events,build_monthly_churn:v1,month,is_trial,unknown,none,18,18,2,0,0,0,True,0.1111111111111111,account_churn/account_month,0.031019522645612363,0.3279976513017881,0.95,wilson,,,,,,,,,0.0,2,0,0.0,2024-05-01,USD,monthly_recurring_revenue
churn:month:2024-05-01:2024-05-31:mrr_band:high:none,2024-05-01,2024-05-31,registered_at_start,shared,available,,accounts|subscriptions|churn_events,build_monthly_churn:v1,month,mrr_band,high,none,143,143,9,0,0,0,True,0.06293706293706294,account_churn/account_month,0.033461488295631614,0.1152802839266425,0.95,wilson,,,,,,,,,88789.0,9,0,1562552.0,2024-05-01,USD,monthly_recurring_revenue
churn:month:2024-05-01:2024-05-31:mrr_band:low:none,2024-05-01,2024-05-31,registered_at_start,shared,available,,accounts|subscriptions|churn_events,build_monthly_churn:v1,month,mrr_band,low,none,30,30,4,0,0,0,True,0.13333333333333333,account_churn/account_month,0.05309655484054743,0.296813266820363,0.95,wilson,,,,,,,,,392.0,4,0,1750.0,2024-05-01,USD,monthly_recurring_revenue
churn:month:2024-05-01:2024-05-31:mrr_band:mid:none,2024-05-01,2024-05-31,registered_at_start,shared,available,,accounts|subscriptions|churn_events,build_monthly_churn:v1,month,mrr_band,mid,none,21,21,3,0,0,0,True,0.14285714285714285,account_churn/account_month,0.04981012499725268,0.34636060280620945,0.95,wilson,,,,,,,,,4145.0,3,0,25610.0,2024-05-01,USD,monthly_recurring_revenue
churn:month:2024-06-01:2024-06-30:all:all:none,2024-06-01,2024-06-30,registered_at_start,shared,available,,accounts|subscriptions|churn_events,build_monthly_churn:v1,month,all,all,none,199,199,18,21,2,5,True,0.09045226130653267,account_churn/account_month,0.05798129153826517,0.1384354521211896,0.95,wilson,,,,,,,,,137386.0,18,0,1859278.0,2024-06-01,USD,monthly_recurring_revenue
churn:month:2024-06-01:2024-06-30:industry:Cybersecurity:none,2024-06-01,2024-06-30,registered_at_start,shared,available,,accounts|subscriptions|churn_events,build_monthly_churn:v1,month,industry,Cybersecurity,none,32,32,5,0,0,0,True,0.15625,account_churn/account_month,0.0686442028250571,0.317541495975304,0.95,wilson,,,,,,,,,35284.0,5,0,242145.0,2024-06-01,USD,monthly_recurring_revenue
churn:month:2024-06-01:2024-06-30:industry:DevTools:none,2024-06-01,2024-06-30,registered_at_start,shared,available,,accounts|subscriptions|churn_events,build_monthly_churn:v1,month,industry,DevTools,none,44,44,3,0,0,0,True,0.06818181818181818,account_churn/account_month,0.02345939590738161,0.18225044370221535,0.95,wilson,,,,,,,,,10556.0,3,0,480842.0,2024-06-01,USD,monthly_recurring_revenue
churn:month:2024-06-01:2024-06-30:industry:EdTech:none,2024-06-01,2024-06-30,registered_at_start,shared,available,,accounts|subscriptions|churn_events,build_monthly_churn:v1,month,industry,EdTech,none,33,33,1,0,0,0,True,0.030303030303030304,account_churn/account_month,0.00536941053687183,0.15318725382118925,0.95,wilson,,,,,,,,,6368.0,1,0,325957.0,2024-06-01,USD,monthly_recurring_revenue
churn:month:2024-06-01:2024-06-30:industry:FinTech:none,2024-06-01,2024-06-30,registered_at_start,shared,available,,accounts|subscriptions|churn_events,build_monthly_churn:v1,month,industry,FinTech,none,44,44,3,0,0,0,True,0.06818181818181818,account_churn/account_month,0.02345939590738161,0.18225044370221535,0.95,wilson,,,,,,,,,20292.0,3,0,382663.0,2024-06-01,USD,monthly_recurring_revenue
churn:month:2024-06-01:2024-06-30:industry:HealthTech:none,2024-06-01,2024-06-30,registered_at_start,shared,available,,accounts|subscriptions|churn_events,build_monthly_churn:v1,month,industry,HealthTech,none,46,46,6,0,0,0,True,0.13043478260869565,account_churn/account_month,0.06117840362035114,0.25665857779073004,0.95,wilson,,,,,,,,,64886.0,6,0,427671.0,2024-06-01,USD,monthly_recurring_revenue
churn:month:2024-06-01:2024-06-30:country:AU:none,2024-06-01,2024-06-30,registered_at_start,shared,available,,accounts|subscriptions|churn_events,build_monthly_churn:v1,month,country,AU,none,11,11,0,0,0,0,True,0.0,account_churn/account_month,0.0,0.2588329669680318,0.95,wilson,,,,,,,,,0.0,0,0,103445.0,2024-06-01,USD,monthly_recurring_revenue
churn:month:2024-06-01:2024-06-30:country:CA:none,2024-06-01,2024-06-30,registered_at_start,shared,available,,accounts|subscriptions|churn_events,build_monthly_churn:v1,month,country,CA,none,8,8,2,0,0,0,True,0.25,account_churn/account_month,0.071479212752109,0.5907245696898311,0.95,wilson,,,,,,,,,12515.0,2,0,37110.0,2024-06-01,USD,monthly_recurring_revenue
churn:month:2024-06-01:2024-06-30:country:DE:none,2024-06-01,2024-06-30,registered_at_start,shared,available,,accounts|subscriptions|churn_events,build_monthly_churn:v1,month,country,DE,none,15,15,2,0,0,0,True,0.13333333333333333,account_churn/account_month,0.03736125910306534,0.3788198283232237,0.95,wilson,,,,,,,,,34568.0,2,0,100213.0,2024-06-01,USD,monthly_recurring_revenue
churn:month:2024-06-01:2024-06-30:country:FR:none,2024-06-01,2024-06-30,registered_at_start,shared,available,,accounts|subscriptions|churn_events,build_monthly_churn:v1,month,country,FR,none,9,9,0,0,0,0,True,0.0,account_churn/account_month,2.7755575615628914e-17,0.29914504841954415,0.95,wilson,,,,,,,,,0.0,0,0,123682.0,2024-06-01,USD,monthly_recurring_revenue
churn:month:2024-06-01:2024-06-30:country:IN:none,2024-06-01,2024-06-30,registered_at_start,shared,available,,accounts|subscriptions|churn_events,build_monthly_churn:v1,month,country,IN,none,20,20,0,0,0,0,True,0.0,account_churn/account_month,0.0,0.1611251580528194,0.95,wilson,,,,,,,,,0.0,0,0,262227.0,2024-06-01,USD,monthly_recurring_revenue
churn:month:2024-06-01:2024-06-30:country:UK:none,2024-06-01,2024-06-30,registered_at_start,shared,available,,accounts|subscriptions|churn_events,build_monthly_churn:v1,month,country,UK,none,23,23,2,0,0,0,True,0.08695652173913043,account_churn/account_month,0.024180004484220335,0.2679598107574366,0.95,wilson,,,,,,,,,12514.0,2,0,150581.0,2024-06-01,USD,monthly_recurring_revenue
churn:month:2024-06-01:2024-06-30:country:US:none,2024-06-01,2024-06-30,registered_at_start,shared,available,,accounts|subscriptions|churn_events,build_monthly_churn:v1,month,country,US,none,113,113,12,0,0,0,True,0.10619469026548672,account_churn/account_month,0.06179848517171765,0.1764855888350941,0.95,wilson,,,,,,,,,77789.0,12,0,1082020.0,2024-06-01,USD,monthly_recurring_revenue
churn:month:2024-06-01:2024-06-30:referral_source:ads:none,2024-06-01,2024-06-30,registered_at_start,shared,available,,accounts|subscriptions|churn_events,build_monthly_churn:v1,month,referral_source,ads,none,44,44,2,0,0,0,True,0.045454545454545456,account_churn/account_month,0.012555109949594953,0.1513499843762966,0.95,wilson,,,,,,,,,14257.0,2,0,364980.0,2024-06-01,USD,monthly_recurring_revenue
churn:month:2024-06-01:2024-06-30:referral_source:event:none,2024-06-01,2024-06-30,registered_at_start,shared,available,,accounts|subscriptions|churn_events,build_monthly_churn:v1,month,referral_source,event,none,36,36,4,0,0,0,True,0.1111111111111111,account_churn/account_month,0.04406640300315648,0.2531480859036487,0.95,wilson,,,,,,,,,18907.0,4,0,318945.0,2024-06-01,USD,monthly_recurring_revenue
churn:month:2024-06-01:2024-06-30:referral_source:organic:none,2024-06-01,2024-06-30,registered_at_start,shared,available,,accounts|subscriptions|churn_events,build_monthly_churn:v1,month,referral_source,organic,none,47,47,6,0,0,0,True,0.1276595744680851,account_churn/account_month,0.05984604198143385,0.2517394079279251,0.95,wilson,,,,,,,,,63735.0,6,0,542213.0,2024-06-01,USD,monthly_recurring_revenue
churn:month:2024-06-01:2024-06-30:referral_source:other:none,2024-06-01,2024-06-30,registered_at_start,shared,available,,accounts|subscriptions|churn_events,build_monthly_churn:v1,month,referral_source,other,none,36,36,4,0,0,0,True,0.1111111111111111,account_churn/account_month,0.04406640300315648,0.2531480859036487,0.95,wilson,,,,,,,,,16494.0,4,0,284196.0,2024-06-01,USD,monthly_recurring_revenue
churn:month:2024-06-01:2024-06-30:referral_source:partner:none,2024-06-01,2024-06-30,registered_at_start,shared,available,,accounts|subscriptions|churn_events,build_monthly_churn:v1,month,referral_source,partner,none,36,36,2,0,0,0,True,0.05555555555555555,account_churn/account_month,0.015369986664161839,0.18144657208647258,0.95,wilson,,,,,,,,,23993.0,2,0,348944.0,2024-06-01,USD,monthly_recurring_revenue
churn:month:2024-06-01:2024-06-30:plan_tier:Basic:none,2024-06-01,2024-06-30,registered_at_start,shared,available,,accounts|subscriptions|churn_events,build_monthly_churn:v1,month,plan_tier,Basic,none,13,13,0,0,0,0,True,0.0,account_churn/account_month,0.0,0.22809537235419847,0.95,wilson,,,,,,,,,0.0,0,0,9538.0,2024-06-01,USD,monthly_recurring_revenue
churn:month:2024-06-01:2024-06-30:plan_tier:Enterprise:none,2024-06-01,2024-06-30,registered_at_start,shared,available,,accounts|subscriptions|churn_events,build_monthly_churn:v1,month,plan_tier,Enterprise,none,13,13,2,0,0,0,True,0.15384615384615385,account_churn/account_month,0.04325817835808121,0.42234631019482544,0.95,wilson,,,,,,,,,12139.0,2,0,145071.0,2024-06-01,USD,monthly_recurring_revenue
churn:month:2024-06-01:2024-06-30:plan_tier:Pro:none,2024-06-01,2024-06-30,registered_at_start,shared,available,,accounts|subscriptions|churn_events,build_monthly_churn:v1,month,plan_tier,Pro,none,12,12,2,0,0,0,True,0.16666666666666666,account_churn/account_month,0.04696514218385381,0.4480308622529735,0.95,wilson,,,,,,,,,4851.0,2,0,27538.0,2024-06-01,USD,monthly_recurring_revenue
churn:month:2024-06-01:2024-06-30:plan_tier:mixed:none,2024-06-01,2024-06-30,registered_at_start,shared,available,,accounts|subscriptions|churn_events,build_monthly_churn:v1,month,plan_tier,mixed,none,148,148,12,0,0,0,True,0.08108108108108109,account_churn/account_month,0.0469883708487644,0.13637037080802794,0.95,wilson,,,,,,,,,120396.0,12,0,1677131.0,2024-06-01,USD,monthly_recurring_revenue
churn:month:2024-06-01:2024-06-30:plan_tier:unknown:none,2024-06-01,2024-06-30,registered_at_start,shared,available,,accounts|subscriptions|churn_events,build_monthly_churn:v1,month,plan_tier,unknown,none,13,13,2,0,0,0,True,0.15384615384615385,account_churn/account_month,0.04325817835808121,0.42234631019482544,0.95,wilson,,,,,,,,,0.0,2,0,0.0,2024-06-01,USD,monthly_recurring_revenue
churn:month:2024-06-01:2024-06-30:billing_frequency:annual:none,2024-06-01,2024-06-30,registered_at_start,shared,available,,accounts|subscriptions|churn_events,build_monthly_churn:v1,month,billing_frequency,annual,none,21,21,3,0,0,0,True,0.14285714285714285,account_churn/account_month,0.04981012499725268,0.34636060280620945,0.95,wilson,,,,,,,,,11099.0,3,0,115038.0,2024-06-01,USD,monthly_recurring_revenue
churn:month:2024-06-01:2024-06-30:billing_frequency:mixed:none,2024-06-01,2024-06-30,registered_at_start,shared,available,,accounts|subscriptions|churn_events,build_monthly_churn:v1,month,billing_frequency,mixed,none,147,147,11,0,0,0,True,0.07482993197278912,account_churn/account_month,0.04229500478273305,0.1290203552166155,0.95,wilson,,,,,,,,,114148.0,11,0,1677025.0,2024-06-01,USD,monthly_recurring_revenue
churn:month:2024-06-01:2024-06-30:billing_frequency:monthly:none,2024-06-01,2024-06-30,registered_at_start,shared,available,,accounts|subscriptions|churn_events,build_monthly_churn:v1,month,billing_frequency,monthly,none,18,18,2,0,0,0,True,0.1111111111111111,account_churn/account_month,0.031019522645612363,0.3279976513017881,0.95,wilson,,,,,,,,,12139.0,2,0,67215.0,2024-06-01,USD,monthly_recurring_revenue
churn:month:2024-06-01:2024-06-30:billing_frequency:unknown:none,2024-06-01,2024-06-30,registered_at_start,shared,available,,accounts|subscriptions|churn_events,build_monthly_churn:v1,month,billing_frequency,unknown,none,13,13,2,0,0,0,True,0.15384615384615385,account_churn/account_month,0.04325817835808121,0.42234631019482544,0.95,wilson,,,,,,,,,0.0,2,0,0.0,2024-06-01,USD,monthly_recurring_revenue
churn:month:2024-06-01:2024-06-30:is_trial:False:none,2024-06-01,2024-06-30,registered_at_start,shared,available,,accounts|subscriptions|churn_events,build_monthly_churn:v1,month,is_trial,False,none,84,84,9,0,0,0,True,0.10714285714285714,account_churn/account_month,0.05740021287664479,0.1912461451634451,0.95,wilson,,,,,,,,,79293.0,9,0,756631.0,2024-06-01,USD,monthly_recurring_revenue
churn:month:2024-06-01:2024-06-30:is_trial:True:none,2024-06-01,2024-06-30,registered_at_start,shared,available,,accounts|subscriptions|churn_events,build_monthly_churn:v1,month,is_trial,True,none,6,6,1,0,0,0,True,0.16666666666666666,account_churn/account_month,0.030053369748306635,0.5635028221864703,0.95,wilson,,,,,,,,,0.0,1,0,0.0,2024-06-01,USD,monthly_recurring_revenue
churn:month:2024-06-01:2024-06-30:is_trial:mixed:none,2024-06-01,2024-06-30,registered_at_start,shared,available,,accounts|subscriptions|churn_events,build_monthly_churn:v1,month,is_trial,mixed,none,96,96,6,0,0,0,True,0.0625,account_churn/account_month,0.02895667431105134,0.12970946506441489,0.95,wilson,,,,,,,,,58093.0,6,0,1102647.0,2024-06-01,USD,monthly_recurring_revenue
churn:month:2024-06-01:2024-06-30:is_trial:unknown:none,2024-06-01,2024-06-30,registered_at_start,shared,available,,accounts|subscriptions|churn_events,build_monthly_churn:v1,month,is_trial,unknown,none,13,13,2,0,0,0,True,0.15384615384615385,account_churn/account_month,0.04325817835808121,0.42234631019482544,0.95,wilson,,,,,,,,,0.0,2,0,0.0,2024-06-01,USD,monthly_recurring_revenue
churn:month:2024-06-01:2024-06-30:mrr_band:high:none,2024-06-01,2024-06-30,registered_at_start,shared,available,,accounts|subscriptions|churn_events,build_monthly_churn:v1,month,mrr_band,high,none,156,156,15,0,0,0,True,0.09615384615384616,account_churn/account_month,0.05913836964807805,0.15258053651291092,0.95,wilson,,,,,,,,,137386.0,15,0,1832647.0,2024-06-01,USD,monthly_recurring_revenue
churn:month:2024-06-01:2024-06-30:mrr_band:low:none,2024-06-01,2024-06-30,registered_at_start,shared,available,,accounts|subscriptions|churn_events,build_monthly_churn:v1,month,mrr_band,low,none,25,25,3,0,0,0,True,0.12,account_churn/account_month,0.04166817150440355,0.2995579392092733,0.95,wilson,,,,,,,,,0.0,3,0,2327.0,2024-06-01,USD,monthly_recurring_revenue
churn:month:2024-06-01:2024-06-30:mrr_band:mid:none,2024-06-01,2024-06-30,registered_at_start,shared,available,,accounts|subscriptions|churn_events,build_monthly_churn:v1,month,mrr_band,mid,none,18,18,0,0,0,0,True,0.0,account_churn/account_month,1.3877787807814457e-17,0.1758792236466577,0.95,wilson,,,,,,,,,0.0,0,0,24304.0,2024-06-01,USD,monthly_recurring_revenue
churn:month:2024-07-01:2024-07-31:all:all:none,2024-07-01,2024-07-31,registered_at_start,shared,available,,accounts|subscriptions|churn_events,build_monthly_churn:v1,month,all,all,none,200,200,26,26,1,3,True,0.13,account_churn/account_month,0.09028202279669323,0.1836635187224841,0.95,wilson,,,,,,,,,233250.0,26,0,2001722.0,2024-07-01,USD,monthly_recurring_revenue
churn:month:2024-07-01:2024-07-31:industry:Cybersecurity:none,2024-07-01,2024-07-31,registered_at_start,shared,available,,accounts|subscriptions|churn_events,build_monthly_churn:v1,month,industry,Cybersecurity,none,32,32,1,0,0,0,True,0.03125,account_churn/account_month,0.005537860164003122,0.1574426382001256,0.95,wilson,,,,,,,,,11881.0,1,0,248193.0,2024-07-01,USD,monthly_recurring_revenue
churn:month:2024-07-01:2024-07-31:industry:DevTools:none,2024-07-01,2024-07-31,registered_at_start,shared,available,,accounts|subscriptions|churn_events,build_monthly_churn:v1,month,industry,DevTools,none,46,46,8,0,0,0,True,0.17391304347826086,account_churn/account_month,0.09085791702246311,0.307233537163785,0.95,wilson,,,,,,,,,93955.0,8,0,493595.0,2024-07-01,USD,monthly_recurring_revenue
churn:month:2024-07-01:2024-07-31:industry:EdTech:none,2024-07-01,2024-07-31,registered_at_start,shared,available,,accounts|subscriptions|churn_events,build_monthly_churn:v1,month,industry,EdTech,none,35,35,8,0,0,0,True,0.22857142857142856,account_churn/account_month,0.12065879834191684,0.3901731689199025,0.95,wilson,,,,,,,,,45286.0,8,0,419761.0,2024-07-01,USD,monthly_recurring_revenue
churn:month:2024-07-01:2024-07-31:industry:FinTech:none,2024-07-01,2024-07-31,registered_at_start,shared,available,,accounts|subscriptions|churn_events,build_monthly_churn:v1,month,industry,FinTech,none,45,45,3,0,0,0,True,0.06666666666666667,account_churn/account_month,0.022932032599250987,0.17856601963591895,0.95,wilson,,,,,,,,,29978.0,3,0,419563.0,2024-07-01,USD,monthly_recurring_revenue
churn:month:2024-07-01:2024-07-31:industry:HealthTech:none,2024-07-01,2024-07-31,registered_at_start,shared,available,,accounts|subscriptions|churn_events,build_monthly_churn:v1,month,industry,HealthTech,none,42,42,6,0,0,0,True,0.14285714285714285,account_churn/account_month,0.06715967015962646,0.2784108947444478,0.95,wilson,,,,,,,,,52150.0,6,0,420610.0,2024-07-01,USD,monthly_recurring_revenue
churn:month:2024-07-01:2024-07-31:country:AU:none,2024-07-01,2024-07-31,registered_at_start,shared,available,,accounts|subscriptions|churn_events,build_monthly_churn:v1,month,country,AU,none,11,11,1,0,0,0,True,0.09090909090909091,account_churn/account_month,0.016232172885884855,0.3773584364515957,0.95,wilson,,,,,,,,,6831.0,1,0,139158.0,2024-07-01,USD,monthly_recurring_revenue
churn:month:2024-07-01:2024-07-31:country:CA:none,2024-07-01,2024-07-31,registered_at_start,shared,available,,accounts|subscriptions|churn_events,build_monthly_churn:v1,month,country,CA,none,7,7,0,0,0,0,True,0.0,account_churn/account_month,2.7755575615628914e-17,0.3543304350666875,0.95,wilson,,,,,,,,,0.0,0,0,24595.0,2024-07-01,USD,monthly_recurring_revenue
churn:month:2024-07-01:2024-07-31:country:DE:none,2024-07-01,2024-07-31,registered_at_start,shared,available,,accounts|subscriptions|churn_events,build_monthly_churn:v1,month,country,DE,none,15,15,2,0,0,0,True,0.13333333333333333,account_churn/account_month,0.03736125910306534,0.3788198283232237,0.95,wilson,,,,,,,,,5771.0,2,0,93085.0,2024-07-01,USD,monthly_recurring_revenue
churn:month:2024-07-01:2024-07-31:country:FR:none,2024-07-01,2024-07-31,registered_at_start,shared,available,,accounts|subscriptions|churn_events,build_monthly_churn:v1,month,country,FR,none,9,9,3,0,0,0,True,0.3333333333333333,account_churn/account_month,0.1205838183869109,0.6457978644196039,0.95,wilson,,,,,,,,,38081.0,3,0,130289.0,2024-07-01,USD,monthly_recurring_revenue
churn:month:2024-07-01:2024-07-31:country:IN:none,2024-07-01,2024-07-31,registered_at_start,shared,available,,accounts|subscriptions|churn_events,build_monthly_churn:v1,month,country,IN,none,21,21,2,0,0,0,True,0.09523809523809523,account_churn/account_month,0.026518767438074492,0.28914139073918255,0.95,wilson,,,,,,,,,28899.0,2,0,315238.0,2024-07-01,USD,monthly_recurring_revenue
churn:month:2024-07-01:2024-07-31:country:UK:none,2024-07-01,2024-07-31,registered_at_start,shared,available,,accounts|subscriptions|churn_events,build_monthly_churn:v1,month,country,UK,none,22,22,5,0,0,0,True,0.22727272727272727,account_churn/account_month,0.10123039985248514,0.43439953175221724,0.95,wilson,,,,,,,,,34487.0,5,0,163686.0,2024-07-01,USD,monthly_recurring_revenue
churn:month:2024-07-01:2024-07-31:country:US:none,2024-07-01,2024-07-31,registered_at_start,shared,available,,accounts|subscriptions|churn_events,build_monthly_churn:v1,month,country,US,none,115,115,13,0,0,0,True,0.11304347826086956,account_churn/account_month,0.06726407637851246,0.18383902448226025,0.95,wilson,,,,,,,,,119181.0,13,0,1135671.0,2024-07-01,USD,monthly_recurring_revenue
churn:month:2024-07-01:2024-07-31:referral_source:ads:none,2024-07-01,2024-07-31,registered_at_start,shared,available,,accounts|subscriptions|churn_events,build_monthly_churn:v1,month,referral_source,ads,none,51,51,3,0,0,0,True,0.058823529411764705,account_churn/account_month,0.020206639422464645,0.15924626048800428,0.95,wilson,,,,,,,,,9884.0,3,0,414730.0,2024-07-01,USD,monthly_recurring_revenue
churn:month:2024-07-01:2024-07-31:referral_source:event:none,2024-07-01,2024-07-31,registered_at_start,shared,available,,accounts|subscriptions|churn_events,build_monthly_churn:v1,month,referral_source,event,none,39,39,6,0,0,0,True,0.15384615384615385,account_churn/account_month,0.07247472376982099,0.29729463648926696,0.95,wilson,,,,,,,,,48923.0,6,0,344432.0,2024-07-01,USD,monthly_recurring_revenue
churn:month:2024-07-01:2024-07-31:referral_source:organic:none,2024-07-01,2024-07-31,registered_at_start,shared,available,,accounts|subscriptions|churn_events,build_monthly_churn:v1,month,referral_source,organic,none,42,42,9,0,0,0,True,0.21428571428571427,account_churn/account_month,0.1170579987600303,0.35939845316322905,0.95,wilson,,,,,,,,,118669.0,9,0,565460.0,2024-07-01,USD,monthly_recurring_revenue
churn:month:2024-07-01:2024-07-31:referral_source:other:none,2024-07-01,2024-07-31,registered_at_start,shared,available,,accounts|subscriptions|churn_events,build_monthly_churn:v1,month,referral_source,other,none,33,33,2,0,0,0,True,0.06060606060606061,account_churn/account_month,0.016780883087191875,0.19606244808647816,0.95,wilson,,,,,,,,,11374.0,2,0,300813.0,2024-07-01,USD,monthly_recurring_revenue
churn:month:2024-07-01:2024-07-31:referral_source:partner:none,2024-07-01,2024-07-31,registered_at_start,shared,available,,accounts|subscriptions|churn_events,build_monthly_churn:v1,month,referral_source,partner,none,35,35,6,0,0,0,True,0.17142857142857143,account_churn/account_month,0.08102640053701589,0.3268228229904497,0.95,wilson,,,,,,,,,44400.0,6,0,376287.0,2024-07-01,USD,monthly_recurring_revenue
churn:month:2024-07-01:2024-07-31:plan_tier:Basic:none,2024-07-01,2024-07-31,registered_at_start,shared,available,,accounts|subscriptions|churn_events,build_monthly_churn:v1,month,plan_tier,Basic,none,9,9,0,0,0,0,True,0.0,account_churn/account_month,2.7755575615628914e-17,0.29914504841954415,0.95,wilson,,,,,,,,,0.0,0,0,8645.0,2024-07-01,USD,monthly_recurring_revenue
churn:month:2024-07-01:2024-07-31:plan_tier:Enterprise:none,2024-07-01,2024-07-31,registered_at_start,shared,available,,accounts|subscriptions|churn_events,build_monthly_churn:v1,month,plan_tier,Enterprise,none,15,15,4,0,0,0,True,0.26666666666666666,account_churn/account_month,0.10897453325692366,0.5195043405598057,0.95,wilson,,,,,,,,,25273.0,4,0,102883.0,2024-07-01,USD,monthly_recurring_revenue
churn:month:2024-07-01:2024-07-31:plan_tier:Pro:none,2024-07-01,2024-07-31,registered_at_start,shared,available,,accounts|subscriptions|churn_events,build_monthly_churn:v1,month,plan_tier,Pro,none,10,10,2,0,0,0,True,0.2,account_churn/account_month,0.056682151454375246,0.5098375284633583,0.95,wilson,,,,,,,,,686.0,2,0,13132.0,2024-07-01,USD,monthly_recurring_revenue
churn:month:2024-07-01:2024-07-31:plan_tier:mixed:none,2024-07-01,2024-07-31,registered_at_start,shared,available,,accounts|subscriptions|churn_events,build_monthly_churn:v1,month,plan_tier,mixed,none,158,158,19,0,0,0,True,0.12025316455696203,account_churn/account_month,0.07835191938961328,0.18018170435293296,0.95,wilson,,,,,,,,,207291.0,19,0,1877062.0,2024-07-01,USD,monthly_recurring_revenue
churn:month:2024-07-01:2024-07-31:plan_tier:unknown:none,2024-07-01,2024-07-31,registered_at_start,shared,available,,accounts|subscriptions|churn_events,build_monthly_churn:v1,month,plan_tier,unknown,none,8,8,1,0,0,0,True,0.125,account_churn/account_month,0.022417491450056642,0.47088818221285356,0.95,wilson,,,,,,,,,0.0,1,0,0.0,2024-07-01,USD,monthly_recurring_revenue
churn:month:2024-07-01:2024-07-31:billing_frequency:annual:none,2024-07-01,2024-07-31,registered_at_start,shared,available,,accounts|subscriptions|churn_events,build_monthly_churn:v1,month,billing_frequency,annual,none,21,21,5,0,0,0,True,0.23809523809523808,account_churn/account_month,0.10628013022636468,0.4509117368295075,0.95,wilson,,,,,,,,,27173.0,5,0,76658.0,2024-07-01,USD,monthly_recurring_revenue
churn:month:2024-07-01:2024-07-31:billing_frequency:mixed:none,2024-07-01,2024-07-31,registered_at_start,shared,available,,accounts|subscriptions|churn_events,build_monthly_churn:v1,month,billing_frequency,mixed,none,156,156,16,0,0,0,True,0.10256410256410256,account_churn/account_month,0.06412256686101217,0.16010873761488173,0.95,wilson,,,,,,,,,176347.0,16,0,1855625.0,2024-07-01,USD,monthly_recurring_revenue
churn:month:2024-07-01:2024-07-31:billing_frequency:monthly:none,2024-07-01,2024-07-31,registered_at_start,shared,available,,accounts|subscriptions|churn_events,build_monthly_churn:v1,month,billing_frequency,monthly,none,15,15,4,0,0,0,True,0.26666666666666666,account_churn/account_month,0.10897453325692366,0.5195043405598057,0.95,wilson,,,,,,,,,29730.0,4,0,69439.0,2024-07-01,USD,monthly_recurring_revenue
churn:month:2024-07-01:2024-07-31:billing_frequency:unknown:none,2024-07-01,2024-07-31,registered_at_start,shared,available,,accounts|subscriptions|churn_events,build_monthly_churn:v1,month,billing_frequency,unknown,none,8,8,1,0,0,0,True,0.125,account_churn/account_month,0.022417491450056642,0.47088818221285356,0.95,wilson,,,,,,,,,0.0,1,0,0.0,2024-07-01,USD,monthly_recurring_revenue
churn:month:2024-07-01:2024-07-31:is_trial:False:none,2024-07-01,2024-07-31,registered_at_start,shared,available,,accounts|subscriptions|churn_events,build_monthly_churn:v1,month,is_trial,False,none,81,81,12,0,0,0,True,0.14814814814814814,account_churn/account_month,0.08682708209959754,0.24133157061210203,0.95,wilson,,,,,,,,,137972.0,12,0,707288.0,2024-07-01,USD,monthly_recurring_revenue
churn:month:2024-07-01:2024-07-31:is_trial:True:none,2024-07-01,2024-07-31,registered_at_start,shared,available,,accounts|subscriptions|churn_events,build_monthly_churn:v1,month,is_trial,True,none,4,4,1,0,0,0,True,0.25,account_churn/account_month,0.0455872608097006,0.6993581574175982,0.95,wilson,,,,,,,,,0.0,1,0,0.0,2024-07-01,USD,monthly_recurring_revenue
churn:month:2024-07-01:2024-07-31:is_trial:mixed:none,2024-07-01,2024-07-31,registered_at_start,shared,available,,accounts|subscriptions|churn_events,build_monthly_churn:v1,month,is_trial,mixed,none,107,107,12,0,0,0,True,0.11214953271028037,account_churn/account_month,0.06532881881547753,0.18585389852616868,0.95,wilson,,,,,,,,,95278.0,12,0,1294434.0,2024-07-01,USD,monthly_recurring_revenue
churn:month:2024-07-01:2024-07-31:is_trial:unknown:none,2024-07-01,2024-07-31,registered_at_start,shared,available,,accounts|subscriptions|churn_events,build_monthly_churn:v1,month,is_trial,unknown,none,8,8,1,0,0,0,True,0.125,account_churn/account_month,0.022417491450056642,0.47088818221285356,0.95,wilson,,,,,,,,,0.0,1,0,0.0,2024-07-01,USD,monthly_recurring_revenue
churn:month:2024-07-01:2024-07-31:mrr_band:high:none,2024-07-01,2024-07-31,registered_at_start,shared,available,,accounts|subscriptions|churn_events,build_monthly_churn:v1,month,mrr_band,high,none,160,160,23,0,0,0,True,0.14375,account_churn/account_month,0.09773668245365613,0.2064687316060413,0.95,wilson,,,,,,,,,232564.0,23,0,1973245.0,2024-07-01,USD,monthly_recurring_revenue
churn:month:2024-07-01:2024-07-31:mrr_band:low:none,2024-07-01,2024-07-31,registered_at_start,shared,available,,accounts|subscriptions|churn_events,build_monthly_churn:v1,month,mrr_band,low,none,18,18,2,0,0,0,True,0.1111111111111111,account_churn/account_month,0.031019522645612363,0.3279976513017881,0.95,wilson,,,,,,,,,0.0,2,0,2163.0,2024-07-01,USD,monthly_recurring_revenue
churn:month:2024-07-01:2024-07-31:mrr_band:mid:none,2024-07-01,2024-07-31,registered_at_start,shared,available,,accounts|subscriptions|churn_events,build_monthly_churn:v1,month,mrr_band,mid,none,22,22,1,0,0,0,True,0.045454545454545456,account_churn/account_month,0.008069427621263836,0.2179804583865734,0.95,wilson,,,,,,,,,686.0,1,0,26314.0,2024-07-01,USD,monthly_recurring_revenue
churn:month:2024-08-01:2024-08-31:all:all:none,2024-08-01,2024-08-31,registered_at_start,shared,available,,accounts|subscriptions|churn_events,build_monthly_churn:v1,month,all,all,none,199,199,23,21,3,5,True,0.11557788944723618,account_churn/account_month,0.0782615082070203,0.16745482173099552,0.95,wilson,,,,,,,,,331965.0,23,0,2181965.0,2024-08-01,USD,monthly_recurring_revenue
churn:month:2024-08-01:2024-08-31:industry:Cybersecurity:none,2024-08-01,2024-08-31,registered_at_start,shared,available,,accounts|subscriptions|churn_events,build_monthly_churn:v1,month,industry,Cybersecurity,none,38,38,2,0,0,0,True,0.05263157894736842,account_churn/account_month,0.014554208147292413,0.17285462131770382,0.95,wilson,,,,,,,,,17101.0,2,0,297554.0,2024-08-01,USD,monthly_recurring_revenue
churn:month:2024-08-01:2024-08-31:industry:DevTools:none,2024-08-01,2024-08-31,registered_at_start,shared,available,,accounts|subscriptions|churn_events,build_monthly_churn:v1,month,industry,DevTools,none,42,42,8,0,0,0,True,0.19047619047619047,account_churn/account_month,0.09982008281647739,0.3330077401003869,0.95,wilson,,,,,,,,,202902.0,8,0,510047.0,2024-08-01,USD,monthly_recurring_revenue
churn:month:2024-08-01:2024-08-31:industry:EdTech:none,2024-08-01,2024-08-31,registered_at_start,shared,available,,accounts|subscriptions|churn_events,build_monthly_churn:v1,month,industry,EdTech,none,34,34,8,0,0,0,True,0.23529411764705882,account_churn/account_month,0.12436985532639577,0.3999613792253639,0.95,wilson,,,,,,,,,55425.0,8,0,474146.0,2024-08-01,USD,monthly_recurring_revenue
churn:month:2024-08-01:2024-08-31:industry:FinTech:none,2024-08-01,2024-08-31,registered_at_start,shared,available,,accounts|subscriptions|churn_events,build_monthly_churn:v1,month,industry,FinTech,none,47,47,4,0,0,0,True,0.0851063829787234,account_churn/account_month,0.033594123457925534,0.1993153778696459,0.95,wilson,,,,,,,,,51788.0,4,0,476747.0,2024-08-01,USD,monthly_recurring_revenue
churn:month:2024-08-01:2024-08-31:industry:HealthTech:none,2024-08-01,2024-08-31,registered_at_start,shared,available,,accounts|subscriptions|churn_events,build_monthly_churn:v1,month,industry,HealthTech,none,38,38,1,0,0,0,True,0.02631578947368421,account_churn/account_month,0.004660587685768797,0.13494876115952134,0.95,wilson,,,,,,,,,4749.0,1,0,423471.0,2024-08-01,USD,monthly_recurring_revenue
churn:month:2024-08-01:2024-08-31:country:AU:none,2024-08-01,2024-08-31,registered_at_start,shared,available,,accounts|subscriptions|churn_events,build_monthly_churn:v1,month,country,AU,none,11,11,0,0,0,0,True,0.0,account_churn/account_month,0.0,0.2588329669680318,0.95,wilson,,,,,,,,,0.0,0,0,158349.0,2024-08-01,USD,monthly_recurring_revenue
churn:month:2024-08-01:2024-08-31:country:CA:none,2024-08-01,2024-08-31,registered_at_start,shared,available,,accounts|subscriptions|churn_events,build_monthly_churn:v1,month,country,CA,none,8,8,2,0,0,0,True,0.25,account_churn/account_month,0.071479212752109,0.5907245696898311,0.95,wilson,,,,,,,,,1732.0,2,0,42739.0,2024-08-01,USD,monthly_recurring_revenue
churn:month:2024-08-01:2024-08-31:country:DE:none,2024-08-01,2024-08-31,registered_at_start,shared,available,,accounts|subscriptions|churn_events,build_monthly_churn:v1,month,country,DE,none,13,13,1,0,0,0,True,0.07692307692307693,account_churn/account_month,0.013710421242556586,0.333139509210996,0.95,wilson,,,,,,,,,4459.0,1,0,106277.0,2024-08-01,USD,monthly_recurring_revenue
churn:month:2024-08-01:2024-08-31:country:FR:none,2024-08-01,2024-08-31,registered_at_start,shared,available,,accounts|subscriptions|churn_events,build_monthly_churn:v1,month,country,FR,none,7,7,0,0,0,0,True,0.0,account_churn/account_month,2.7755575615628914e-17,0.3543304350666875,0.95,wilson,,,,,,,,,0.0,0,0,119991.0,2024-08-01,USD,monthly_recurring_revenue
churn:month:2024-08-01:2024-08-31:country:IN:none,2024-08-01,2024-08-31,registered_at_start,shared,available,,accounts|subscriptions|churn_events,build_monthly_churn:v1,month,country,IN,none,22,22,2,0,0,0,True,0.09090909090909091,account_churn/account_month,0.025295428990995267,0.27814946841605825,0.95,wilson,,,,,,,,,27625.0,2,0,318679.0,2024-08-01,USD,monthly_recurring_revenue
churn:month:2024-08-01:2024-08-31:country:UK:none,2024-08-01,2024-08-31,registered_at_start,shared,available,,accounts|subscriptions|churn_events,build_monthly_churn:v1,month,country,UK,none,24,24,2,0,0,0,True,0.08333333333333333,account_churn/account_month,0.023158815297043348,0.2584880219321069,0.95,wilson,,,,,,,,,6593.0,2,0,188600.0,2024-08-01,USD,monthly_recurring_revenue
churn:month:2024-08-01:2024-08-31:country:US:none,2024-08-01,2024-08-31,registered_at_start,shared,available,,accounts|subscriptions|churn_events,build_monthly_churn:v1,month,country,US,none,114,114,16,0,0,0,True,0.14035087719298245,account_churn/account_month,0.08827406582745362,0.21587575698855532,0.95,wilson,,,,,,,,,291556.0,16,0,1247330.0,2024-08-01,USD,monthly_recurring_revenue
churn:month:2024-08-01:2024-08-31:referral_source:ads:none,2024-08-01,2024-08-31,registered_at_start,shared,available,,accounts|subscriptions|churn_events,build_monthly_churn:v1,month,referral_source,ads,none,53,53,5,0,0,0,True,0.09433962264150944,account_churn/account_month,0.04097264149725048,0.20253727376296277,0.95,wilson,,,,,,,,,43043.0,5,0,554208.0,2024-08-01,USD,monthly_recurring_revenue
churn:month:2024-08-01:2024-08-31:referral_source:event:none,2024-08-01,2024-08-31,registered_at_start,shared,available,,accounts|subscriptions|churn_events,build_monthly_churn:v1,month,referral_source,event,none,36,36,2,0,0,0,True,0.05555555555555555,account_churn/account_month,0.015369986664161839,0.18144657208647258,0.95,wilson,,,,,,,,,15574.0,2,0,355186.0,2024-08-01,USD,monthly_recurring_revenue
churn:month:2024-08-01:2024-08-31:referral_source:organic:none,2024-08-01,2024-08-31,registered_at_start,shared,available,,accounts|subscriptions|churn_events,build_monthly_churn:v1,month,referral_source,organic,none,38,38,5,0,0,0,True,0.13157894736842105,account_churn/account_month,0.05753867690120132,0.2732685944229132,0.95,wilson,,,,,,,,,107578.0,5,0,505559.0,2024-08-01,USD,monthly_recurring_revenue
churn:month:2024-08-01:2024-08-31:referral_source:other:none,2024-08-01,2024-08-31,registered_at_start,shared,available,,accounts|subscriptions|churn_events,build_monthly_churn:v1,month,referral_source,other,none,37,37,6,0,0,0,True,0.16216216216216217,account_churn/account_month,0.07651207234011143,0.3113648370093497,0.95,wilson,,,,,,,,,44121.0,6,0,359657.0,2024-08-01,USD,monthly_recurring_revenue
churn:month:2024-08-01:2024-08-31:referral_source:partner:none,2024-08-01,2024-08-31,registered_at_start,shared,available,,accounts|subscriptions|churn_events,build_monthly_churn:v1,month,referral_source,partner,none,35,35,5,0,0,0,True,0.14285714285714285,account_churn/account_month,0.06260231079433712,0.29375554086595146,0.95,wilson,,,,,,,,,121649.0,5,0,407355.0,2024-08-01,USD,monthly_recurring_revenue
churn:month:2024-08-01:2024-08-31:plan_tier:Basic:none,2024-08-01,2024-08-31,registered_at_start,shared,available,,accounts|subscriptions|churn_events,build_monthly_churn:v1,month,plan_tier,Basic,none,10,10,3,0,0,0,True,0.3,account_churn/account_month,0.10779126740630104,0.6032218525388546,0.95,wilson,,,,,,,,,7014.0,3,0,8512.0,2024-08-01,USD,monthly_recurring_revenue
churn:month:2024-08-01:2024-08-31:plan_tier:Enterprise:none,2024-08-01,2024-08-31,registered_at_start,shared,available,,accounts|subscriptions|churn_events,build_monthly_churn:v1,month,plan_tier,Enterprise,none,12,12,0,0,0,0,True,0.0,account_churn/account_month,0.0,0.24249400665524096,0.95,wilson,,,,,,,,,0.0,0,0,91938.0,2024-08-01,USD,monthly_recurring_revenue
churn:month:2024-08-01:2024-08-31:plan_tier:Pro:none,2024-08-01,2024-08-31,registered_at_start,shared,available,,accounts|subscriptions|churn_events,build_monthly_churn:v1,month,plan_tier,Pro,none,14,14,0,0,0,0,True,0.0,account_churn/account_month,2.7755575615628914e-17,0.21531080273763586,0.95,wilson,,,,,,,,,0.0,0,0,33271.0,2024-08-01,USD,monthly_recurring_revenue
churn:month:2024-08-01:2024-08-31:plan_tier:mixed:none,2024-08-01,2024-08-31,registered_at_start,shared,available,,accounts|subscriptions|churn_events,build_monthly_churn:v1,month,plan_tier,mixed,none,156,156,17,0,0,0,True,0.10897435897435898,account_churn/account_month,0.06915919829493855,0.1675845044958603,0.95,wilson,,,,,,,,,320763.0,17,0,2048244.0,2024-08-01,USD,monthly_recurring_revenue
churn:month:2024-08-01:2024-08-31:plan_tier:unknown:none,2024-08-01,2024-08-31,registered_at_start,shared,available,,accounts|subscriptions|churn_events,build_monthly_churn:v1,month,plan_tier,unknown,none,7,7,3,0,0,0,True,0.42857142857142855,account_churn/account_month,0.15821985525146964,0.7495416354723428,0.95,wilson,,,,,,,,,4188.0,3,0,0.0,2024-08-01,USD,monthly_recurring_revenue
churn:month:2024-08-01:2024-08-31:billing_frequency:annual:none,2024-08-01,2024-08-31,registered_at_start,shared,available,,accounts|subscriptions|churn_events,build_monthly_churn:v1,month,billing_frequency,annual,none,18,18,2,0,0,0,True,0.1111111111111111,account_churn/account_month,0.031019522645612363,0.3279976513017881,0.95,wilson,,,,,,,,,2556.0,2,0,54492.0,2024-08-01,USD,monthly_recurring_revenue
churn:month:2024-08-01:2024-08-31:billing_frequency:mixed:none,2024-08-01,2024-08-31,registered_at_start,shared,available,,accounts|subscriptions|churn_events,build_monthly_churn:v1,month,billing_frequency,mixed,none,159,159,17,0,0,0,True,0.1069182389937107,account_churn/account_month,0.06783270656566824,0.1645495079805771,0.95,wilson,,,,,,,,,324727.0,17,0,2077047.0,2024-08-01,USD,monthly_recurring_revenue
churn:month:2024-08-01:2024-08-31:billing_frequency:monthly:none,2024-08-01,2024-08-31,registered_at_start,shared,available,,accounts|subscriptions|churn_events,build_monthly_churn:v1,month,billing_frequency,monthly,none,15,15,1,0,0,0,True,0.06666666666666667,account_churn/account_month,0.011866895493268553,0.2981652987378003,0.95,wilson,,,,,,,,,494.0,1,0,50426.0,2024-08-01,USD,monthly_recurring_revenue
churn:month:2024-08-01:2024-08-31:billing_frequency:unknown:none,2024-08-01,2024-08-31,registered_at_start,shared,available,,accounts|subscriptions|churn_events,build_monthly_churn:v1,month,billing_frequency,unknown,none,7,7,3,0,0,0,True,0.42857142857142855,account_churn/account_month,0.15821985525146964,0.7495416354723428,0.95,wilson,,,,,,,,,4188.0,3,0,0.0,2024-08-01,USD,monthly_recurring_revenue
churn:month:2024-08-01:2024-08-31:is_trial:False:none,2024-08-01,2024-08-31,registered_at_start,shared,available,,accounts|subscriptions|churn_events,build_monthly_churn:v1,month,is_trial,False,none,84,84,12,0,0,0,True,0.14285714285714285,account_churn/account_month,0.08365020540566917,0.23330102917623077,0.95,wilson,,,,,,,,,134095.0,12,0,767494.0,2024-08-01,USD,monthly_recurring_revenue
churn:month:2024-08-01:2024-08-31:is_trial:True:none,2024-08-01,2024-08-31,registered_at_start,shared,available,,accounts|subscriptions|churn_events,build_monthly_churn:v1,month,is_trial,True,none,2,2,0,0,0,0,True,0.0,account_churn/account_month,0.0,0.657619772493347,0.95,wilson,,,,,,,,,0.0,0,0,0.0,2024-08-01,USD,monthly_recurring_revenue
churn:month:2024-08-01:2024-08-31:is_trial:mixed:none,2024-08-01,2024-08-31,registered_at_start,shared,available,,accounts|subscriptions|churn_events,build_monthly_churn:v1,month,is_trial,mixed,none,106,106,8,0,0,0,True,0.07547169811320754,account_churn/account_month,0.0387368379201063,0.14190040992529465,0.95,wilson,,,,,,,,,193682.0,8,0,1414471.0,2024-08-01,USD,monthly_recurring_revenue
churn:month:2024-08-01:2024-08-31:is_trial:unknown:none,2024-08-01,2024-08-31,registered_at_start,shared,available,,accounts|subscriptions|churn_events,build_monthly_churn:v1,month,is_trial,unknown,none,7,7,3,0,0,0,True,0.42857142857142855,account_churn/account_month,0.15821985525146964,0.7495416354723428,0.95,wilson,,,,,,,,,4188.0,3,0,0.0,2024-08-01,USD,monthly_recurring_revenue
churn:month:2024-08-01:2024-08-31:mrr_band:high:none,2024-08-01,2024-08-31,registered_at_start,shared,available,,accounts|subscriptions|churn_events,build_monthly_churn:v1,month,mrr_band,high,none,161,161,17,0,0,0,True,0.10559006211180125,account_churn/account_month,0.06697630350363759,0.16258644782978804,0.95,wilson,,,,,,,,,324727.0,17,0,2153425.0,2024-08-01,USD,monthly_recurring_revenue
churn:month:2024-08-01:2024-08-31:mrr_band:low:none,2024-08-01,2024-08-31,registered_at_start,shared,available,,accounts|subscriptions|churn_events,build_monthly_churn:v1,month,mrr_band,low,none,11,11,4,0,0,0,True,0.36363636363636365,account_churn/account_month,0.1516647109536757,0.6461988254921511,0.95,wilson,,,,,,,,,4682.0,4,0,950.0,2024-08-01,USD,monthly_recurring_revenue
churn:month:2024-08-01:2024-08-31:mrr_band:mid:none,2024-08-01,2024-08-31,registered_at_start,shared,available,,accounts|subscriptions|churn_events,build_monthly_churn:v1,month,mrr_band,mid,none,27,27,2,0,0,0,True,0.07407407407407407,account_churn/account_month,0.020554654060988636,0.23369592683023152,0.95,wilson,,,,,,,,,2556.0,2,0,27590.0,2024-08-01,USD,monthly_recurring_revenue
churn:month:2024-09-01:2024-09-30:all:all:none,2024-09-01,2024-09-30,registered_at_start,shared,available,,accounts|subscriptions|churn_events,build_monthly_churn:v1,month,all,all,none,195,195,21,24,5,7,True,0.1076923076923077,account_churn/account_month,0.07152306580694269,0.1590196947047462,0.95,wilson,,,,,,,,,270437.0,21,0,2181915.0,2024-09-01,USD,monthly_recurring_revenue
churn:month:2024-09-01:2024-09-30:industry:Cybersecurity:none,2024-09-01,2024-09-30,registered_at_start,shared,available,,accounts|subscriptions|churn_events,build_monthly_churn:v1,month,industry,Cybersecurity,none,42,42,6,0,0,0,True,0.14285714285714285,account_churn/account_month,0.06715967015962646,0.2784108947444478,0.95,wilson,,,,,,,,,35868.0,6,0,385561.0,2024-09-01,USD,monthly_recurring_revenue
churn:month:2024-09-01:2024-09-30:industry:DevTools:none,2024-09-01,2024-09-30,registered_at_start,shared,available,,accounts|subscriptions|churn_events,build_monthly_churn:v1,month,industry,DevTools,none,37,37,4,0,0,0,True,0.10810810810810811,account_churn/account_month,0.04285189940411471,0.24708531544126022,0.95,wilson,,,,,,,,,25986.0,4,0,351367.0,2024-09-01,USD,monthly_recurring_revenue
churn:month:2024-09-01:2024-09-30:industry:EdTech:none,2024-09-01,2024-09-30,registered_at_start,shared,available,,accounts|subscriptions|churn_events,build_monthly_churn:v1,month,industry,EdTech,none,27,27,1,0,0,0,True,0.037037037037037035,account_churn/account_month,0.006568145980785131,0.1828346593357585,0.95,wilson,,,,,,,,,74304.0,1,0,458600.0,2024-09-01,USD,monthly_recurring_revenue
churn:month:2024-09-01:2024-09-30:industry:FinTech:none,2024-09-01,2024-09-30,registered_at_start,shared,available,,accounts|subscriptions|churn_events,build_monthly_churn:v1,month,industry,FinTech,none,49,49,6,0,0,0,True,0.12244897959183673,account_churn/account_month,0.057348257902401556,0.24244397293756514,0.95,wilson,,,,,,,,,89980.0,6,0,505094.0,2024-09-01,USD,monthly_recurring_revenue
churn:month:2024-09-01:2024-09-30:industry:HealthTech:none,2024-09-01,2024-09-30,registered_at_start,shared,available,,accounts|subscriptions|churn_events,build_monthly_churn:v1,month,industry,HealthTech,none,40,40,4,0,0,0,True,0.1,account_churn/account_month,0.03957952868260635,0.23051775227522303,0.95,wilson,,,,,,,,,44299.0,4,0,481293.0,2024-09-01,USD,monthly_recurring_revenue
churn:month:2024-09-01:2024-09-30:country:AU:none,2024-09-01,2024-09-30,registered_at_start,shared,available,,accounts|subscriptions|churn_events,build_monthly_churn:v1,month,country,AU,none,11,11,0,0,0,0,True,0.0,account_churn/account_month,0.0,0.2588329669680318,0.95,wilson,,,,,,,,,0.0,0,0,174128.0,2024-09-01,USD,monthly_recurring_revenue
churn:month:2024-09-01:2024-09-30:country:CA:none,2024-09-01,2024-09-30,registered_at_start,shared,available,,accounts|subscriptions|churn_events,build_monthly_churn:v1,month,country,CA,none,6,6,0,0,0,0,True,0.0,account_churn/account_month,0.0,0.39033428790216546,0.95,wilson,,,,,,,,,0.0,0,0,52100.0,2024-09-01,USD,monthly_recurring_revenue
churn:month:2024-09-01:2024-09-30:country:DE:none,2024-09-01,2024-09-30,registered_at_start,shared,available,,accounts|subscriptions|churn_events,build_monthly_churn:v1,month,country,DE,none,12,12,1,0,0,0,True,0.08333333333333333,account_churn/account_month,0.014865094404917095,0.35387991114111705,0.95,wilson,,,,,,,,,10575.0,1,0,112331.0,2024-09-01,USD,monthly_recurring_revenue
churn:month:2024-09-01:2024-09-30:country:FR:none,2024-09-01,2024-09-30,registered_at_start,shared,available,,accounts|subscriptions|churn_events,build_monthly_churn:v1,month,country,FR,none,8,8,1,0,0,0,True,0.125,account_churn/account_month,0.022417491450056642,0.47088818221285356,0.95,wilson,,,,,,,,,5970.0,1,0,123172.0,2024-09-01,USD,monthly_recurring_revenue
churn:month:2024-09-01:2024-09-30:country:IN:none,2024-09-01,2024-09-30,registered_at_start,shared,available,,accounts|subscriptions|churn_events,build_monthly_churn:v1,month,country,IN,none,20,20,2,0,0,0,True,0.1,account_churn/account_month,0.027866481213768196,0.3010336452284873,0.95,wilson,,,,,,,,,90802.0,2,0,347680.0,2024-09-01,USD,monthly_recurring_revenue
churn:month:2024-09-01:2024-09-30:country:UK:none,2024-09-01,2024-09-30,registered_at_start,shared,available,,accounts|subscriptions|churn_events,build_monthly_churn:v1,month,country,UK,none,24,24,4,0,0,0,True,0.16666666666666666,account_churn/account_month,0.06678676328632946,0.3585307064969907,0.95,wilson,,,,,,,,,51396.0,4,0,226859.0,2024-09-01,USD,monthly_recurring_revenue
churn:month:2024-09-01:2024-09-30:country:US:none,2024-09-01,2024-09-30,registered_at_start,shared,available,,accounts|subscriptions|churn_events,build_monthly_churn:v1,month,country,US,none,114,114,13,0,0,0,True,0.11403508771929824,account_churn/account_month,0.06786521821254021,0.18536873798024978,0.95,wilson,,,,,,,,,111694.0,13,0,1145645.0,2024-09-01,USD,monthly_recurring_revenue
churn:month:2024-09-01:2024-09-30:referral_source:ads:none,2024-09-01,2024-09-30,registered_at_start,shared,available,,accounts|subscriptions|churn_events,build_monthly_churn:v1,month,referral_source,ads,none,50,50,6,0,0,0,True,0.12,account_churn/account_month,0.056176001509322726,0.23804817383202986,0.95,wilson,,,,,,,,,82842.0,6,0,603547.0,2024-09-01,USD,monthly_recurring_revenue
churn:month:2024-09-01:2024-09-30:referral_source:event:none,2024-09-01,2024-09-30,registered_at_start,shared,available,,accounts|subscriptions|churn_events,build_monthly_churn:v1,month,referral_source,event,none,38,38,2,0,0,0,True,0.05263157894736842,account_churn/account_month,0.014554208147292413,0.17285462131770382,0.95,wilson,,,,,,,,,9525.0,2,0,393514.0,2024-09-01,USD,monthly_recurring_revenue
churn:month:2024-09-01:2024-09-30:referral_source:organic:none,2024-09-01,2024-09-30,registered_at_start,shared,available,,accounts|subscriptions|churn_events,build_monthly_churn:v1,month,referral_source,organic,none,38,38,6,0,0,0,True,0.15789473684210525,account_churn/account_month,0.07443863415158929,0.30416811779223135,0.95,wilson,,,,,,,,,120307.0,6,0,468030.0,2024-09-01,USD,monthly_recurring_revenue
churn:month:2024-09-01:2024-09-30:referral_source:other:none,2024-09-01,2024-09-30,registered_at_start,shared,available,,accounts|subscriptions|churn_events,build_monthly_churn:v1,month,referral_source,other,none,36,36,2,0,0,0,True,0.05555555555555555,account_churn/account_month,0.015369986664161839,0.18144657208647258,0.95,wilson,,,,,,,,,7987.0,2,0,359137.0,2024-09-01,USD,monthly_recurring_revenue
churn:month:2024-09-01:2024-09-30:referral_source:partner:none,2024-09-01,2024-09-30,registered_at_start,shared,available,,accounts|subscriptions|churn_events,build_monthly_churn:v1,month,referral_source,partner,none,33,33,5,0,0,0,True,0.15151515151515152,account_churn/account_month,0.06650457281607568,0.30919875880442127,0.95,wilson,,,,,,,,,49776.0,5,0,357687.0,2024-09-01,USD,monthly_recurring_revenue
churn:month:2024-09-01:2024-09-30:plan_tier:Basic:none,2024-09-01,2024-09-30,registered_at_start,shared,available,,accounts|subscriptions|churn_events,build_monthly_churn:v1,month,plan_tier,Basic,none,6,6,1,0,0,0,True,0.16666666666666666,account_churn/account_month,0.030053369748306635,0.5635028221864703,0.95,wilson,,,,,,,,,6236.0,1,0,5111.0,2024-09-01,USD,monthly_recurring_revenue
churn:month:2024-09-01:2024-09-30:plan_tier:Enterprise:none,2024-09-01,2024-09-30,registered_at_start,shared,available,,accounts|subscriptions|churn_events,build_monthly_churn:v1,month,plan_tier,Enterprise,none,9,9,3,0,0,0,True,0.3333333333333333,account_churn/account_month,0.1205838183869109,0.6457978644196039,0.95,wilson,,,,,,,,,18109.0,3,0,53730.0,2024-09-01,USD,monthly_recurring_revenue
churn:month:2024-09-01:2024-09-30:plan_tier:Pro:none,2024-09-01,2024-09-30,registered_at_start,shared,available,,accounts|subscriptions|churn_events,build_monthly_churn:v1,month,plan_tier,Pro,none,8,8,0,0,0,0,True,0.0,account_churn/account_month,0.0,0.32440756488388034,0.95,wilson,,,,,,,,,0.0,0,0,21217.0,2024-09-01,USD,monthly_recurring_revenue
churn:month:2024-09-01:2024-09-30:plan_tier:mixed:none,2024-09-01,2024-09-30,registered_at_start,shared,available,,accounts|subscriptions|churn_events,build_monthly_churn:v1,month,plan_tier,mixed,none,161,161,14,0,0,0,True,0.08695652173913043,account_churn/account_month,0.05250405899834525,0.14066008216185635,0.95,wilson,,,,,,,,,237915.0,14,0,2101857.0,2024-09-01,USD,monthly_recurring_revenue
churn:month:2024-09-01:2024-09-30:plan_tier:unknown:none,2024-09-01,2024-09-30,registered_at_start,shared,available,,accounts|subscriptions|churn_events,build_monthly_churn:v1,month,plan_tier,unknown,none,11,11,3,0,0,0,True,0.2727272727272727,account_churn/account_month,0.09746059290024889,0.5656453011761292,0.95,wilson,,,,,,,,,8177.0,3,0,0.0,2024-09-01,USD,monthly_recurring_revenue
churn:month:2024-09-01:2024-09-30:billing_frequency:annual:none,2024-09-01,2024-09-30,registered_at_start,shared,available,,accounts|subscriptions|churn_events,build_monthly_churn:v1,month,billing_frequency,annual,none,13,13,3,0,0,0,True,0.23076923076923078,account_churn/account_month,0.08179528718498563,0.502563759467275,0.95,wilson,,,,,,,,,24110.0,3,0,66140.0,2024-09-01,USD,monthly_recurring_revenue
churn:month:2024-09-01:2024-09-30:billing_frequency:mixed:none,2024-09-01,2024-09-30,registered_at_start,shared,available,,accounts|subscriptions|churn_events,build_monthly_churn:v1,month,billing_frequency,mixed,none,158,158,13,0,0,0,True,0.08227848101265822,account_churn/account_month,0.04871271508394992,0.1356742710328509,0.95,wilson,,,,,,,,,225573.0,13,0,2063179.0,2024-09-01,USD,monthly_recurring_revenue
churn:month:2024-09-01:2024-09-30:billing_frequency:monthly:none,2024-09-01,2024-09-30,registered_at_start,shared,available,,accounts|subscriptions|churn_events,build_monthly_churn:v1,month,billing_frequency,monthly,none,13,13,2,0,0,0,True,0.15384615384615385,account_churn/account_month,0.04325817835808121,0.42234631019482544,0.95,wilson,,,,,,,,,12577.0,2,0,52596.0,2024-09-01,USD,monthly_recurring_revenue
churn:month:2024-09-01:2024-09-30:billing_frequency:unknown:none,2024-09-01,2024-09-30,registered_at_start,shared,available,,accounts|subscriptions|churn_events,build_monthly_churn:v1,month,billing_frequency,unknown,none,11,11,3,0,0,0,True,0.2727272727272727,account_churn/account_month,0.09746059290024889,0.5656453011761292,0.95,wilson,,,,,,,,,8177.0,3,0,0.0,2024-09-01,USD,monthly_recurring_revenue
churn:month:2024-09-01:2024-09-30:is_trial:False:none,2024-09-01,2024-09-30,registered_at_start,shared,available,,accounts|subscriptions|churn_events,build_monthly_churn:v1,month,is_trial,False,none,76,76,11,0,0,0,True,0.14473684210526316,account_churn/account_month,0.08278516269157665,0.2408744898547051,0.95,wilson,,,,,,,,,111022.0,11,0,669221.0,2024-09-01,USD,monthly_recurring_revenue
churn:month:2024-09-01:2024-09-30:is_trial:True:none,2024-09-01,2024-09-30,registered_at_start,shared,available,,accounts|subscriptions|churn_events,build_monthly_churn:v1,month,is_trial,True,none,1,1,0,0,0,0,True,0.0,account_churn/account_month,0.0,0.7934506856227627,0.95,wilson,,,,,,,,,0.0,0,0,0.0,2024-09-01,USD,monthly_recurring_revenue
churn:month:2024-09-01:2024-09-30:is_trial:mixed:none,2024-09-01,2024-09-30,registered_at_start,shared,available,,accounts|subscriptions|churn_events,build_monthly_churn:v1,month,is_trial,mixed,none,107,107,7,0,0,0,True,0.06542056074766354,account_churn/account_month,0.032048304288130776,0.12891546333564147,0.95,wilson,,,,,,,,,151238.0,7,0,1512694.0,2024-09-01,USD,monthly_recurring_revenue
churn:month:2024-09-01:2024-09-30:is_trial:unknown:none,2024-09-01,2024-09-30,registered_at_start,shared,available,,accounts|subscriptions|churn_events,build_monthly_churn:v1,month,is_trial,unknown,none,11,11,3,0,0,0,True,0.2727272727272727,account_churn/account_month,0.09746059290024889,0.5656453011761292,0.95,wilson,,,,,,,,,8177.0,3,0,0.0,2024-09-01,USD,monthly_recurring_revenue
churn:month:2024-09-01:2024-09-30:mrr_band:high:none,2024-09-01,2024-09-30,registered_at_start,shared,available,,accounts|subscriptions|churn_events,build_monthly_churn:v1,month,mrr_band,high,none,160,160,17,0,0,0,True,0.10625,account_churn/account_month,0.06740178358329141,0.16356209511426895,0.95,wilson,,,,,,,,,256024.0,17,0,2157347.0,2024-09-01,USD,monthly_recurring_revenue
churn:month:2024-09-01:2024-09-30:mrr_band:low:none,2024-09-01,2024-09-30,registered_at_start,shared,available,,accounts|subscriptions|churn_events,build_monthly_churn:v1,month,mrr_band,low,none,16,16,4,0,0,0,True,0.25,account_churn/account_month,0.10182067491213043,0.4949831653550878,0.95,wilson,,,,,,,,,14413.0,4,0,828.0,2024-09-01,USD,monthly_recurring_revenue
churn:month:2024-09-01:2024-09-30:mrr_band:mid:none,2024-09-01,2024-09-30,registered_at_start,shared,available,,accounts|subscriptions|churn_events,build_monthly_churn:v1,month,mrr_band,mid,none,19,19,0,0,0,0,True,0.0,account_churn/account_month,1.3877787807814457e-17,0.16817922405261632,0.95,wilson,,,,,,,,,0.0,0,0,23740.0,2024-09-01,USD,monthly_recurring_revenue
churn:month:2024-10-01:2024-10-31:all:all:none,2024-10-01,2024-10-31,registered_at_start,shared,available,,accounts|subscriptions|churn_events,build_monthly_churn:v1,month,all,all,none,193,193,33,31,2,6,True,0.17098445595854922,account_churn/account_month,0.12441926844971067,0.23039144693069996,0.95,wilson,,,,,,,,,390003.0,33,0,2382727.0,2024-10-01,USD,monthly_recurring_revenue
churn:month:2024-10-01:2024-10-31:industry:Cybersecurity:none,2024-10-01,2024-10-31,registered_at_start,shared,available,,accounts|subscriptions|churn_events,build_monthly_churn:v1,month,industry,Cybersecurity,none,41,41,6,0,0,0,True,0.14634146341463414,account_churn/account_month,0.06884248141295926,0.2844345804248096,0.95,wilson,,,,,,,,,77564.0,6,0,455783.0,2024-10-01,USD,monthly_recurring_revenue
churn:month:2024-10-01:2024-10-31:industry:DevTools:none,2024-10-01,2024-10-31,registered_at_start,shared,available,,accounts|subscriptions|churn_events,build_monthly_churn:v1,month,industry,DevTools,none,36,36,9,0,0,0,True,0.25,account_churn/account_month,0.1375047766299483,0.41070453766728354,0.95,wilson,,,,,,,,,103968.0,9,0,384733.0,2024-10-01,USD,monthly_recurring_revenue
churn:month:2024-10-01:2024-10-31:industry:EdTech:none,2024-10-01,2024-10-31,registered_at_start,shared,available,,accounts|subscriptions|churn_events,build_monthly_churn:v1,month,industry,EdTech,none,31,31,7,0,0,0,True,0.22580645161290322,account_churn/account_month,0.11395135561262493,0.39812418383342063,0.95,wilson,,,,,,,,,39077.0,7,0,507415.0,2024-10-01,USD,monthly_recurring_revenue
churn:month:2024-10-01:2024-10-31:industry:FinTech:none,2024-10-01,2024-10-31,registered_at_start,shared,available,,accounts|subscriptions|churn_events,build_monthly_churn:v1,month,industry,FinTech,none,47,47,7,0,0,0,True,0.14893617021276595,account_churn/account_month,0.0740671999643172,0.27685622423593553,0.95,wilson,,,,,,,,,142327.0,7,0,537969.0,2024-10-01,USD,monthly_recurring_revenue
churn:month:2024-10-01:2024-10-31:industry:HealthTech:none,2024-10-01,2024-10-31,registered_at_start,shared,available,,accounts|subscriptions|churn_events,build_monthly_churn:v1,month,industry,HealthTech,none,38,38,4,0,0,0,True,0.10526315789473684,account_churn/account_month,0.04170257347553526,0.24130521722887321,0.95,wilson,,,,,,,,,27067.0,4,0,496827.0,2024-10-01,USD,monthly_recurring_revenue
churn:month:2024-10-01:2024-10-31:country:AU:none,2024-10-01,2024-10-31,registered_at_start,shared,available,,accounts|subscriptions|churn_events,build_monthly_churn:v1,month,country,AU,none,13,13,1,0,0,0,True,0.07692307692307693,account_churn/account_month,0.013710421242556586,0.333139509210996,0.95,wilson,,,,,,,,,19470.0,1,0,213096.0,2024-10-01,USD,monthly_recurring_revenue
churn:month:2024-10-01:2024-10-31:country:CA:none,2024-10-01,2024-10-31,registered_at_start,shared,available,,accounts|subscriptions|churn_events,build_monthly_churn:v1,month,country,CA,none,6,6,0,0,0,0,True,0.0,account_churn/account_month,0.0,0.39033428790216546,0.95,wilson,,,,,,,,,0.0,0,0,60119.0,2024-10-01,USD,monthly_recurring_revenue
churn:month:2024-10-01:2024-10-31:country:DE:none,2024-10-01,2024-10-31,registered_at_start,shared,available,,accounts|subscriptions|churn_events,build_monthly_churn:v1,month,country,DE,none,12,12,1,0,0,0,True,0.08333333333333333,account_churn/account_month,0.014865094404917095,0.35387991114111705,0.95,wilson,,,,,,,,,14751.0,1,0,111963.0,2024-10-01,USD,monthly_recurring_revenue
churn:month:2024-10-01:2024-10-31:country:FR:none,2024-10-01,2024-10-31,registered_at_start,shared,available,,accounts|subscriptions|churn_events,build_monthly_churn:v1,month,country,FR,none,8,8,3,0,0,0,True,0.375,account_churn/account_month,0.13684428582359737,0.6942576053973728,0.95,wilson,,,,,,,,,17608.0,3,0,187310.0,2024-10-01,USD,monthly_recurring_revenue
churn:month:2024-10-01:2024-10-31:country:IN:none,2024-10-01,2024-10-31,registered_at_start,shared,available,,accounts|subscriptions|churn_events,build_monthly_churn:v1,month,country,IN,none,21,21,4,0,0,0,True,0.19047619047619047,account_churn/account_month,0.07667565052761788,0.4000056469020493,0.95,wilson,,,,,,,,,55899.0,4,0,327309.0,2024-10-01,USD,monthly_recurring_revenue
churn:month:2024-10-01:2024-10-31:country:UK:none,2024-10-01,2024-10-31,registered_at_start,shared,available,,accounts|subscriptions|churn_events,build_monthly_churn:v1,month,country,UK,none,23,23,7,0,0,0,True,0.30434782608695654,account_churn/account_month,0.1560402445321402,0.5086575626875921,0.95,wilson,,,,,,,,,62965.0,7,0,225202.0,2024-10-01,USD,monthly_recurring_revenue
churn:month:2024-10-01:2024-10-31:country:US:none,2024-10-01,2024-10-31,registered_at_start,shared,available,,accounts|subscriptions|churn_events,build_monthly_churn:v1,month,country,US,none,110,110,17,0,0,0,True,0.15454545454545454,account_churn/account_month,0.09878652361939871,0.23361837713206013,0.95,wilson,,,,,,,,,219310.0,17,0,1257728.0,2024-10-01,USD,monthly_recurring_revenue
churn:month:2024-10-01:2024-10-31:referral_source:ads:none,2024-10-01,2024-10-31,registered_at_start,shared,available,,accounts|subscriptions|churn_events,build_monthly_churn:v1,month,referral_source,ads,none,46,46,5,0,0,0,True,0.10869565217391304,account_churn/account_month,0.04733145858098943,0.23037828644250835,0.95,wilson,,,,,,,,,108227.0,5,0,630304.0,2024-10-01,USD,monthly_recurring_revenue
churn:month:2024-10-01:2024-10-31:referral_source:event:none,2024-10-01,2024-10-31,registered_at_start,shared,available,,accounts|subscriptions|churn_events,build_monthly_churn:v1,month,referral_source,event,none,41,41,9,0,0,0,True,0.21951219512195122,account_churn/account_month,0.12003174778217565,0.3670500598822617,0.95,wilson,,,,,,,,,108872.0,9,0,429828.0,2024-10-01,USD,monthly_recurring_revenue
churn:month:2024-10-01:2024-10-31:referral_source:organic:none,2024-10-01,2024-10-31,registered_at_start,shared,available,,accounts|subscriptions|churn_events,build_monthly_churn:v1,month,referral_source,organic,none,37,37,8,0,0,0,True,0.21621621621621623,account_churn/account_month,0.11386511993385587,0.37195148391969146,0.95,wilson,,,,,,,,,66963.0,8,0,465967.0,2024-10-01,USD,monthly_recurring_revenue
churn:month:2024-10-01:2024-10-31:referral_source:other:none,2024-10-01,2024-10-31,registered_at_start,shared,available,,accounts|subscriptions|churn_events,build_monthly_churn:v1,month,referral_source,other,none,37,37,3,0,0,0,True,0.08108108108108109,account_churn/account_month,0.027960574100447944,0.21300679349288387,0.95,wilson,,,,,,,,,23443.0,3,0,472739.0,2024-10-01,USD,monthly_recurring_revenue
churn:month:2024-10-01:2024-10-31:referral_source:partner:none,2024-10-01,2024-10-31,registered_at_start,shared,available,,accounts|subscriptions|churn_events,build_monthly_churn:v1,month,referral_source,partner,none,32,32,8,0,0,0,True,0.25,account_churn/account_month,0.1325240091850904,0.4210655899424449,0.95,wilson,,,,,,,,,82498.0,8,0,383889.0,2024-10-01,USD,monthly_recurring_revenue
churn:month:2024-10-01:2024-10-31:plan_tier:Basic:none,2024-10-01,2024-10-31,registered_at_start,shared,available,,accounts|subscriptions|churn_events,build_monthly_churn:v1,month,plan_tier,Basic,none,12,12,3,0,0,0,True,0.25,account_churn/account_month,0.08894166839405476,0.5323053349335658,0.95,wilson,,,,,,,,,3838.0,3,0,7505.0,2024-10-01,USD,monthly_recurring_revenue
churn:month:2024-10-01:2024-10-31:plan_tier:Enterprise:none,2024-10-01,2024-10-31,registered_at_start,shared,available,,accounts|subscriptions|churn_events,build_monthly_churn:v1,month,plan_tier,Enterprise,none,4,4,1,0,0,0,True,0.25,account_churn/account_month,0.0455872608097006,0.6993581574175982,0.95,wilson,,,,,,,,,1194.0,1,0,42984.0,2024-10-01,USD,monthly_recurring_revenue
churn:month:2024-10-01:2024-10-31:plan_tier:Pro:none,2024-10-01,2024-10-31,registered_at_start,shared,available,,accounts|subscriptions|churn_events,build_monthly_churn:v1,month,plan_tier,Pro,none,7,7,1,0,0,0,True,0.14285714285714285,account_churn/account_month,0.02567962434474355,0.5131278292743189,0.95,wilson,,,,,,,,,2009.0,1,0,20335.0,2024-10-01,USD,monthly_recurring_revenue
churn:month:2024-10-01:2024-10-31:plan_tier:mixed:none,2024-10-01,2024-10-31,registered_at_start,shared,available,,accounts|subscriptions|churn_events,build_monthly_churn:v1,month,plan_tier,mixed,none,166,166,26,0,0,0,True,0.1566265060240964,account_churn/account_month,0.10918400638520999,0.2196017871921247,0.95,wilson,,,,,,,,,374007.0,26,0,2311903.0,2024-10-01,USD,monthly_recurring_revenue
churn:month:2024-10-01:2024-10-31:plan_tier:unknown:none,2024-10-01,2024-10-31,registered_at_start,shared,available,,accounts|subscriptions|churn_events,build_monthly_churn:v1,month,plan_tier,unknown,none,4,4,2,0,0,0,True,0.5,account_churn/account_month,0.15003898915214947,0.8499610108478506,0.95,wilson,,,,,,,,,8955.0,2,0,0.0,2024-10-01,USD,monthly_recurring_revenue
churn:month:2024-10-01:2024-10-31:billing_frequency:annual:none,2024-10-01,2024-10-31,registered_at_start,shared,available,,accounts|subscriptions|churn_events,build_monthly_churn:v1,month,billing_frequency,annual,none,7,7,2,0,0,0,True,0.2857142857142857,account_churn/account_month,0.08221892400405661,0.6410655481673807,0.95,wilson,,,,,,,,,2847.0,2,0,15170.0,2024-10-01,USD,monthly_recurring_revenue
churn:month:2024-10-01:2024-10-31:billing_frequency:mixed:none,2024-10-01,2024-10-31,registered_at_start,shared,available,,accounts|subscriptions|churn_events,build_monthly_churn:v1,month,billing_frequency,mixed,none,167,167,24,0,0,0,True,0.1437125748502994,account_churn/account_month,0.09851455444256943,0.20493321039479415,0.95,wilson,,,,,,,,,367718.0,24,0,2340072.0,2024-10-01,USD,monthly_recurring_revenue
churn:month:2024-10-01:2024-10-31:billing_frequency:monthly:none,2024-10-01,2024-10-31,registered_at_start,shared,available,,accounts|subscriptions|churn_events,build_monthly_churn:v1,month,billing_frequency,monthly,none,15,15,5,0,0,0,True,0.3333333333333333,account_churn/account_month,0.1517632443971472,0.5828645226148023,0.95,wilson,,,,,,,,,10483.0,5,0,27485.0,2024-10-01,USD,monthly_recurring_revenue
churn:month:2024-10-01:2024-10-31:billing_frequency:unknown:none,2024-10-01,2024-10-31,registered_at_start,shared,available,,accounts|subscriptions|churn_events,build_monthly_churn:v1,month,billing_frequency,unknown,none,4,4,2,0,0,0,True,0.5,account_churn/account_month,0.15003898915214947,0.8499610108478506,0.95,wilson,,,,,,,,,8955.0,2,0,0.0,2024-10-01,USD,monthly_recurring_revenue
churn:month:2024-10-01:2024-10-31:is_trial:False:none,2024-10-01,2024-10-31,registered_at_start,shared,available,,accounts|subscriptions|churn_events,build_monthly_churn:v1,month,is_trial,False,none,71,71,16,0,0,0,True,0.22535211267605634,account_churn/account_month,0.14374669663520487,0.3351517559799885,0.95,wilson,,,,,,,,,152242.0,16,0,699667.0,2024-10-01,USD,monthly_recurring_revenue
churn:month:2024-10-01:2024-10-31:is_trial:True:none,2024-10-01,2024-10-31,registered_at_start,shared,available,,accounts|subscriptions|churn_events,build_monthly_churn:v1,month,is_trial,True,none,1,1,0,0,0,0,True,0.0,account_churn/account_month,0.0,0.7934506856227627,0.95,wilson,,,,,,,,,0.0,0,0,0.0,2024-10-01,USD,monthly_recurring_revenue
churn:month:2024-10-01:2024-10-31:is_trial:mixed:none,2024-10-01,2024-10-31,registered_at_start,shared,available,,accounts|subscriptions|churn_events,build_monthly_churn:v1,month,is_trial,mixed,none,117,117,15,0,0,0,True,0.1282051282051282,account_churn/account_month,0.07925637599438604,0.20079203744713367,0.95,wilson,,,,,,,,,228806.0,15,0,1683060.0,2024-10-01,USD,monthly_recurring_revenue
churn:month:2024-10-01:2024-10-31:is_trial:unknown:none,2024-10-01,2024-10-31,registered_at_start,shared,available,,accounts|subscriptions|churn_events,build_monthly_churn:v1,month,is_trial,unknown,none,4,4,2,0,0,0,True,0.5,account_churn/account_month,0.15003898915214947,0.8499610108478506,0.95,wilson,,,,,,,,,8955.0,2,0,0.0,2024-10-01,USD,monthly_recurring_revenue
churn:month:2024-10-01:2024-10-31:mrr_band:high:none,2024-10-01,2024-10-31,registered_at_start,shared,available,,accounts|subscriptions|churn_events,build_monthly_churn:v1,month,mrr_band,high,none,165,165,26,0,0,0,True,0.15757575757575756,account_churn/account_month,0.10986062288336607,0.22087247555542738,0.95,wilson,,,,,,,,,374345.0,26,0,2362480.0,2024-10-01,USD,monthly_recurring_revenue
churn:month:2024-10-01:2024-10-31:mrr_band:low:none,2024-10-01,2024-10-31,registered_at_start,shared,available,,accounts|subscriptions|churn_events,build_monthly_churn:v1,month,mrr_band,low,none,12,12,3,0,0,0,True,0.25,account_churn/account_month,0.08894166839405476,0.5323053349335658,0.95,wilson,,,,,,,,,10608.0,3,0,2044.0,2024-10-01,USD,monthly_recurring_revenue
churn:month:2024-10-01:2024-10-31:mrr_band:mid:none,2024-10-01,2024-10-31,registered_at_start,shared,available,,accounts|subscriptions|churn_events,build_monthly_churn:v1,month,mrr_band,mid,none,16,16,4,0,0,0,True,0.25,account_churn/account_month,0.10182067491213043,0.4949831653550878,0.95,wilson,,,,,,,,,5050.0,4,0,18203.0,2024-10-01,USD,monthly_recurring_revenue
churn:month:2024-11-01:2024-11-30:all:all:none,2024-11-01,2024-11-30,registered_at_start,shared,available,,accounts|subscriptions|churn_events,build_monthly_churn:v1,month,all,all,none,190,190,25,31,7,9,True,0.13157894736842105,account_churn/account_month,0.09073685792360456,0.18702342694145194,0.95,wilson,,,,,,,,,259296.0,25,0,2536609.0,2024-11-01,USD,monthly_recurring_revenue
churn:month:2024-11-01:2024-11-30:industry:Cybersecurity:none,2024-11-01,2024-11-30,registered_at_start,shared,available,,accounts|subscriptions|churn_events,build_monthly_churn:v1,month,industry,Cybersecurity,none,45,45,8,0,0,0,True,0.17777777777777778,account_churn/account_month,0.09294389514104145,0.3132982462645977,0.95,wilson,,,,,,,,,97593.0,8,0,552885.0,2024-11-01,USD,monthly_recurring_revenue
churn:month:2024-11-01:2024-11-30:industry:DevTools:none,2024-11-01,2024-11-30,registered_at_start,shared,available,,accounts|subscriptions|churn_events,build_monthly_churn:v1,month,industry,DevTools,none,32,32,4,0,0,0,True,0.125,account_churn/account_month,0.0497013438748007,0.2806830548165023,0.95,wilson,,,,,,,,,34508.0,4,0,372803.0,2024-11-01,USD,monthly_recurring_revenue
churn:month:2024-11-01:2024-11-30:industry:EdTech:none,2024-11-01,2024-11-30,registered_at_start,shared,available,,accounts|subscriptions|churn_events,build_monthly_churn:v1,month,industry,EdTech,none,29,29,4,0,0,0,True,0.13793103448275862,account_churn/account_month,0.05497439964111964,0.30558993720352023,0.95,wilson,,,,,,,,,19453.0,4,0,499596.0,2024-11-01,USD,monthly_recurring_revenue
churn:month:2024-11-01:2024-11-30:industry:FinTech:none,2024-11-01,2024-11-30,registered_at_start,shared,available,,accounts|subscriptions|churn_events,build_monthly_churn:v1,month,industry,FinTech,none,45,45,3,0,0,0,True,0.06666666666666667,account_churn/account_month,0.022932032599250987,0.17856601963591895,0.95,wilson,,,,,,,,,18516.0,3,0,561661.0,2024-11-01,USD,monthly_recurring_revenue
churn:month:2024-11-01:2024-11-30:industry:HealthTech:none,2024-11-01,2024-11-30,registered_at_start,shared,available,,accounts|subscriptions|churn_events,build_monthly_churn:v1,month,industry,HealthTech,none,39,39,6,0,0,0,True,0.15384615384615385,account_churn/account_month,0.07247472376982099,0.29729463648926696,0.95,wilson,,,,,,,,,89226.0,6,0,549664.0,2024-11-01,USD,monthly_recurring_revenue
churn:month:2024-11-01:2024-11-30:country:AU:none,2024-11-01,2024-11-30,registered_at_start,shared,available,,accounts|subscriptions|churn_events,build_monthly_churn:v1,month,country,AU,none,12,12,0,0,0,0,True,0.0,account_churn/account_month,0.0,0.24249400665524096,0.95,wilson,,,,,,,,,0.0,0,0,221120.0,2024-11-01,USD,monthly_recurring_revenue
churn:month:2024-11-01:2024-11-30:country:CA:none,2024-11-01,2024-11-30,registered_at_start,shared,available,,accounts|subscriptions|churn_events,build_monthly_churn:v1,month,country,CA,none,7,7,1,0,0,0,True,0.14285714285714285,account_churn/account_month,0.02567962434474355,0.5131278292743189,0.95,wilson,,,,,,,,,8172.0,1,0,80303.0,2024-11-01,USD,monthly_recurring_revenue
churn:month:2024-11-01:2024-11-30:country:DE:none,2024-11-01,2024-11-30,registered_at_start,shared,available,,accounts|subscriptions|churn_events,build_monthly_churn:v1,month,country,DE,none,12,12,1,0,0,0,True,0.08333333333333333,account_churn/account_month,0.014865094404917095,0.35387991114111705,0.95,wilson,,,,,,,,,1297.0,1,0,106376.0,2024-11-01,USD,monthly_recurring_revenue
churn:month:2024-11-01:2024-11-30:country:FR:none,2024-11-01,2024-11-30,registered_at_start,shared,available,,accounts|subscriptions|churn_events,build_monthly_churn:v1,month,country,FR,none,7,7,2,0,0,0,True,0.2857142857142857,account_churn/account_month,0.08221892400405661,0.6410655481673807,0.95,wilson,,,,,,,,,19665.0,2,0,212226.0,2024-11-01,USD,monthly_recurring_revenue
churn:month:2024-11-01:2024-11-30:country:IN:none,2024-11-01,2024-11-30,registered_at_start,shared,available,,accounts|subscriptions|churn_events,build_monthly_churn:v1,month,country,IN,none,20,20,1,0,0,0,True,0.05,account_churn/account_month,0.008881448800795402,0.2361311934467421,0.95,wilson,,,,,,,,,49068.0,1,0,319143.0,2024-11-01,USD,monthly_recurring_revenue
churn:month:2024-11-01:2024-11-30:country:UK:none,2024-11-01,2024-11-30,registered_at_start,shared,available,,accounts|subscriptions|churn_events,build_monthly_churn:v1,month,country,UK,none,18,18,2,0,0,0,True,0.1111111111111111,account_churn/account_month,0.031019522645612363,0.3279976513017881,0.95,wilson,,,,,,,,,9577.0,2,0,232392.0,2024-11-01,USD,monthly_recurring_revenue
churn:month:2024-11-01:2024-11-30:country:US:none,2024-11-01,2024-11-30,registered_at_start,shared,available,,accounts|subscriptions|churn_events,build_monthly_churn:v1,month,country,US,none,114,114,18,0,0,0,True,0.15789473684210525,account_churn/account_month,0.10227261187561022,0.23582112202254463,0.95,wilson,,,,,,,,,171517.0,18,0,1365049.0,2024-11-01,USD,monthly_recurring_revenue
churn:month:2024-11-01:2024-11-30:referral_source:ads:none,2024-11-01,2024-11-30,registered_at_start,shared,available,,accounts|subscriptions|churn_events,build_monthly_churn:v1,month,referral_source,ads,none,43,43,2,0,0,0,True,0.046511627906976744,account_churn/account_month,0.012849260094380213,0.15455498004063972,0.95,wilson,,,,,,,,,19909.0,2,0,606458.0,2024-11-01,USD,monthly_recurring_revenue
churn:month:2024-11-01:2024-11-30:referral_source:event:none,2024-11-01,2024-11-30,registered_at_start,shared,available,,accounts|subscriptions|churn_events,build_monthly_churn:v1,month,referral_source,event,none,39,39,5,0,0,0,True,0.1282051282051282,account_churn/account_month,0.056028175369713926,0.26705743379745456,0.95,wilson,,,,,,,,,63856.0,5,0,453923.0,2024-11-01,USD,monthly_recurring_revenue
churn:month:2024-11-01:2024-11-30:referral_source:organic:none,2024-11-01,2024-11-30,registered_at_start,shared,available,,accounts|subscriptions|churn_events,build_monthly_churn:v1,month,referral_source,organic,none,36,36,6,0,0,0,True,0.16666666666666666,account_churn/account_month,0.07870447595018111,0.3189079431127947,0.95,wilson,,,,,,,,,58226.0,6,0,484545.0,2024-11-01,USD,monthly_recurring_revenue
churn:month:2024-11-01:2024-11-30:referral_source:other:none,2024-11-01,2024-11-30,registered_at_start,shared,available,,accounts|subscriptions|churn_events,build_monthly_churn:v1,month,referral_source,other,none,42,42,8,0,0,0,True,0.19047619047619047,account_churn/account_month,0.09982008281647739,0.3330077401003869,0.95,wilson,,,,,,,,,74241.0,8,0,629759.0,2024-11-01,USD,monthly_recurring_revenue
churn:month:2024-11-01:2024-11-30:referral_source:partner:none,2024-11-01,2024-11-30,registered_at_start,shared,available,,accounts|subscriptions|churn_events,build_monthly_churn:v1,month,referral_source,partner,none,30,30,4,0,0,0,True,0.13333333333333333,account_churn/account_month,0.05309655484054743,0.296813266820363,0.95,wilson,,,,,,,,,43064.0,4,0,361924.0,2024-11-01,USD,monthly_recurring_revenue
churn:month:2024-11-01:2024-11-30:plan_tier:Basic:none,2024-11-01,2024-11-30,registered_at_start,shared,available,,accounts|subscriptions|churn_events,build_monthly_churn:v1,month,plan_tier,Basic,none,5,5,0,0,0,0,True,0.0,account_churn/account_month,0.0,0.43448246478317487,0.95,wilson,,,,,,,,,0.0,0,0,2204.0,2024-11-01,USD,monthly_recurring_revenue
churn:month:2024-11-01:2024-11-30:plan_tier:Enterprise:none,2024-11-01,2024-11-30,registered_at_start,shared,available,,accounts|subscriptions|churn_events,build_monthly_churn:v1,month,plan_tier,Enterprise,none,10,10,2,0,0,0,True,0.2,account_churn/account_month,0.056682151454375246,0.5098375284633583,0.95,wilson,,,,,,,,,31434.0,2,0,93928.0,2024-11-01,USD,monthly_recurring_revenue
churn:month:2024-11-01:2024-11-30:plan_tier:Pro:none,2024-11-01,2024-11-30,registered_at_start,shared,available,,accounts|subscriptions|churn_events,build_monthly_churn:v1,month,plan_tier,Pro,none,3,3,1,0,0,0,True,0.3333333333333333,account_churn/account_month,0.06149194472039626,0.7923403991979523,0.95,wilson,,,,,,,,,3996.0,1,0,6027.0,2024-11-01,USD,monthly_recurring_revenue
churn:month:2024-11-01:2024-11-30:plan_tier:mixed:none,2024-11-01,2024-11-30,registered_at_start,shared,available,,accounts|subscriptions|churn_events,build_monthly_churn:v1,month,plan_tier,mixed,none,161,161,18,0,0,0,True,0.11180124223602485,account_churn/account_month,0.07189922694873925,0.16979639444242767,0.95,wilson,,,,,,,,,216773.0,18,0,2434450.0,2024-11-01,USD,monthly_recurring_revenue
churn:month:2024-11-01:2024-11-30:plan_tier:unknown:none,2024-11-01,2024-11-30,registered_at_start,shared,available,,accounts|subscriptions|churn_events,build_monthly_churn:v1,month,plan_tier,unknown,none,11,11,4,0,0,0,True,0.36363636363636365,account_churn/account_month,0.1516647109536757,0.6461988254921511,0.95,wilson,,,,,,,,,7093.0,4,0,0.0,2024-11-01,USD,monthly_recurring_revenue
churn:month:2024-11-01:2024-11-30:billing_frequency:annual:none,2024-11-01,2024-11-30,registered_at_start,shared,available,,accounts|subscriptions|churn_events,build_monthly_churn:v1,month,billing_frequency,annual,none,11,11,1,0,0,0,True,0.09090909090909091,account_churn/account_month,0.016232172885884855,0.3773584364515957,0.95,wilson,,,,,,,,,19209.0,1,0,54094.0,2024-11-01,USD,monthly_recurring_revenue
churn:month:2024-11-01:2024-11-30:billing_frequency:mixed:none,2024-11-01,2024-11-30,registered_at_start,shared,available,,accounts|subscriptions|churn_events,build_monthly_churn:v1,month,billing_frequency,mixed,none,160,160,17,0,0,0,True,0.10625,account_churn/account_month,0.06740178358329141,0.16356209511426895,0.95,wilson,,,,,,,,,169615.0,17,0,2425585.0,2024-11-01,USD,monthly_recurring_revenue
churn:month:2024-11-01:2024-11-30:billing_frequency:monthly:none,2024-11-01,2024-11-30,registered_at_start,shared,available,,accounts|subscriptions|churn_events,build_monthly_churn:v1,month,billing_frequency,monthly,none,8,8,3,0,0,0,True,0.375,account_churn/account_month,0.13684428582359737,0.6942576053973728,0.95,wilson,,,,,,,,,63379.0,3,0,56930.0,2024-11-01,USD,monthly_recurring_revenue
churn:month:2024-11-01:2024-11-30:billing_frequency:unknown:none,2024-11-01,2024-11-30,registered_at_start,shared,available,,accounts|subscriptions|churn_events,build_monthly_churn:v1,month,billing_frequency,unknown,none,11,11,4,0,0,0,True,0.36363636363636365,account_churn/account_month,0.1516647109536757,0.6461988254921511,0.95,wilson,,,,,,,,,7093.0,4,0,0.0,2024-11-01,USD,monthly_recurring_revenue
churn:month:2024-11-01:2024-11-30:is_trial:False:none,2024-11-01,2024-11-30,registered_at_start,shared,available,,accounts|subscriptions|churn_events,build_monthly_churn:v1,month,is_trial,False,none,62,62,8,0,0,0,True,0.12903225806451613,account_churn/account_month,0.06685878059283035,0.23449327290173633,0.95,wilson,,,,,,,,,79817.0,8,0,715063.0,2024-11-01,USD,monthly_recurring_revenue
churn:month:2024-11-01:2024-11-30:is_trial:mixed:none,2024-11-01,2024-11-30,registered_at_start,shared,available,,accounts|subscriptions|churn_events,build_monthly_churn:v1,month,is_trial,mixed,none,117,117,13,0,0,0,True,0.1111111111111111,account_churn/account_month,0.06609320162681148,0.1808539894442034,0.95,wilson,,,,,,,,,172386.0,13,0,1821546.0,2024-11-01,USD,monthly_recurring_revenue
churn:month:2024-11-01:2024-11-30:is_trial:unknown:none,2024-11-01,2024-11-30,registered_at_start,shared,available,,accounts|subscriptions|churn_events,build_monthly_churn:v1,month,is_trial,unknown,none,11,11,4,0,0,0,True,0.36363636363636365,account_churn/account_month,0.1516647109536757,0.6461988254921511,0.95,wilson,,,,,,,,,7093.0,4,0,0.0,2024-11-01,USD,monthly_recurring_revenue
churn:month:2024-11-01:2024-11-30:mrr_band:high:none,2024-11-01,2024-11-30,registered_at_start,shared,available,,accounts|subscriptions|churn_events,build_monthly_churn:v1,month,mrr_band,high,none,162,162,16,0,0,0,True,0.09876543209876543,account_churn/account_month,0.061710998226063775,0.15440781232688425,0.95,wilson,,,,,,,,,233707.0,16,0,2521118.0,2024-11-01,USD,monthly_recurring_revenue
churn:month:2024-11-01:2024-11-30:mrr_band:low:none,2024-11-01,2024-11-30,registered_at_start,shared,available,,accounts|subscriptions|churn_events,build_monthly_churn:v1,month,mrr_band,low,none,15,15,5,0,0,0,True,0.3333333333333333,account_churn/account_month,0.1517632443971472,0.5828645226148023,0.95,wilson,,,,,,,,,7549.0,5,0,1197.0,2024-11-01,USD,monthly_recurring_revenue
churn:month:2024-11-01:2024-11-30:mrr_band:mid:none,2024-11-01,2024-11-30,registered_at_start,shared,available,,accounts|subscriptions|churn_events,build_monthly_churn:v1,month,mrr_band,mid,none,13,13,4,0,0,0,True,0.3076923076923077,account_churn/account_month,0.12680703655710507,0.5763065681945096,0.95,wilson,,,,,,,,,18040.0,4,0,14294.0,2024-11-01,USD,monthly_recurring_revenue
churn:comparison_period:2023-07-01:2023-12-31:all:all:none,2023-07-01,2023-12-31,registered_at_start,shared,available,mrr_exposed_not_aggregated_across_months,accounts|subscriptions|churn_events,build_monthly_churn:v1,comparison_period,all,all,none,745,190,40,117,19,6,True,0.053691275167785234,account_churn/account_month,0.03879503051494781,0.07073694411262456,0.95,cluster_bootstrap_account,,,,,,,,,134915.0,40,0,,,USD,monthly_recurring_revenue
churn:comparison_period:2024-06-01:2024-11-30:all:all:previous_period,2024-06-01,2024-11-30,registered_at_start,shared,available,mrr_exposed_not_aggregated_across_months,accounts|subscriptions|churn_events,build_monthly_churn:v1,comparison_period,all,all,previous_period,1176,311,146,156,76,35,True,0.12414965986394558,account_churn/account_month,0.10581506428657259,0.14429479697770134,0.95,cluster_bootstrap_account,churn:comparison_period:2023-07-01:2023-12-31:all:all:none,0.053691275167785234,2.3122874149659864,1.6808230642732296,3.329731862839221,0.07045838469616034,0.04579929914298531,0.09545203048935097,1622337.0,146,0,,,USD,monthly_recurring_revenue
churn:comparison_period:2023-07-01:2023-12-31:industry:Cybersecurity:segment_complement,2023-07-01,2023-12-31,registered_at_start,shared,available,mrr_exposed_not_aggregated_across_months,accounts|subscriptions|churn_events,build_monthly_churn:v1,comparison_period,industry,Cybersecurity,segment_complement,139,33,10,0,0,0,True,0.07194244604316546,account_churn/account_month,0.03289473684210526,0.1203783524904214,0.95,cluster_bootstrap_account,complement:reference:industry:Cybersecurity,0.04950495049504951,1.4532374100719423,0.6189174953822811,2.8052745849297556,0.022437495548115957,-0.02097535909468469,0.07352730281301707,35709.0,10,0,,,USD,monthly_recurring_revenue
churn:comparison_period:2023-07-01:2023-12-31:industry:DevTools:segment_complement,2023-07-01,2023-12-31,registered_at_start,shared,available,mrr_exposed_not_aggregated_across_months,accounts|subscriptions|churn_events,build_monthly_churn:v1,comparison_period,industry,DevTools,segment_complement,178,47,10,0,0,0,True,0.056179775280898875,account_churn/account_month,0.025769891620407083,0.09740259740259741,0.95,cluster_bootstrap_account,complement:reference:industry:DevTools,0.05291005291005291,1.0617977528089888,0.4509059739602503,2.07602342585693,0.0032697223708459677,-0.034459279996369135,0.04695512955146771,11160.0,10,0,,,USD,monthly_recurring_revenue
churn:comparison_period:2023-07-01:2023-12-31:industry:EdTech:segment_complement,2023-07-01,2023-12-31,registered_at_start,shared,inconclusive,insufficient_segment_or_complement_sample|mrr_exposed_not_aggregated_across_months,accounts|subscriptions|churn_events,build_monthly_churn:v1,comparison_period,industry,EdTech,segment_complement,85,21,5,0,0,0,True,0.058823529411764705,account_churn/account_month,0.0196078431372549,0.11628875968992243,0.95,cluster_bootstrap_account,complement:reference:industry:EdTech,0.05303030303030303,1.1092436974789917,0.23699188938914967,2.423310762081993,0.005793226381461673,-0.04395440575339403,0.0718731664552464,7354.0,5,0,,,USD,monthly_recurring_revenue
churn:comparison_period:2023-07-01:2023-12-31:industry:FinTech:segment_complement,2023-07-01,2023-12-31,registered_at_start,shared,inconclusive,insufficient_segment_or_complement_sample|mrr_exposed_not_aggregated_across_months,accounts|subscriptions|churn_events,build_monthly_churn:v1,comparison_period,industry,FinTech,segment_complement,180,48,9,0,0,0,True,0.05,account_churn/account_month,0.021852015950376606,0.08589464916913823,0.95,cluster_bootstrap_account,complement:reference:industry:FinTech,0.05486725663716814,0.9112903225806452,0.3776500375891857,1.7921225217601544,-0.004867256637168138,-0.03855438691657261,0.03469286573454401,61302.0,9,0,,,USD,monthly_recurring_revenue
churn:comparison_period:2023-07-01:2023-12-31:industry:HealthTech:segment_complement,2023-07-01,2023-12-31,registered_at_start,shared,inconclusive,insufficient_segment_or_complement_sample|mrr_exposed_not_aggregated_across_months,accounts|subscriptions|churn_events,build_monthly_churn:v1,comparison_period,industry,HealthTech,segment_complement,163,41,6,0,0,0,True,0.03680981595092025,account_churn/account_month,0.011494252873563218,0.07042253521126761,0.95,cluster_bootstrap_account,complement:reference:industry:HealthTech,0.058419243986254296,0.6300974377481054,0.1954342910698254,1.3312530868175845,-0.021609428035334048,-0.0547655443345712,0.01597632016271952,19390.0,6,0,,,USD,monthly_recurring_revenue
churn:comparison_period:2023-07-01:2023-12-31:country:AU:segment_complement,2023-07-01,2023-12-31,registered_at_start,shared,inconclusive,insufficient_segment_or_complement_sample|mrr_exposed_not_aggregated_across_months,accounts|subscriptions|churn_events,build_monthly_churn:v1,comparison_period,country,AU,segment_complement,54,13,6,0,0,0,True,0.1111111111111111,account_churn/account_month,0.04410166240409207,0.21432072829131632,0.95,cluster_bootstrap_account,complement:reference:country:AU,0.049204052098408106,2.258169934640523,0.8116146341463415,4.880213670834186,0.061907059012703,-0.009518469113176642,0.1708171136617339,6740.0,6,0,,,USD,monthly_recurring_revenue
churn:comparison_period:2023-07-01:2023-12-31:country:CA:segment_complement,2023-07-01,2023-12-31,registered_at_start,shared,inconclusive,insufficient_segment_or_complement_sample|mrr_exposed_not_aggregated_across_months,accounts|subscriptions|churn_events,build_monthly_churn:v1,comparison_period,country,CA,segment_complement,35,13,2,0,0,0,True,0.05714285714285714,account_churn/account_month,0.0,0.1724137931034483,0.95,cluster_bootstrap_account,complement:reference:country:CA,0.05352112676056338,1.0676691729323309,0.0,3.5109234234234186,0.0036217303822937627,-0.06133417015341701,0.12407633243238593,0.0,2,0,,,USD,monthly_recurring_revenue
churn:comparison_period:2023-07-01:2023-12-31:country:DE:segment_complement,2023-07-01,2023-12-31,registered_at_start,shared,inconclusive,insufficient_segment_or_complement_sample|mrr_exposed_not_aggregated_across_months,accounts|subscriptions|churn_events,build_monthly_churn:v1,comparison_period,country,DE,segment_complement,63,14,4,0,0,0,True,0.06349206349206349,account_churn/account_month,0.013513513513513514,0.13725490196078433,0.95,cluster_bootstrap_account,complement:reference:country:DE,0.05278592375366569,1.202821869488536,0.23810626602625903,3.0892589059005817,0.010706139738397798,-0.044806538388654685,0.09608559674558882,4351.0,4,0,,,USD,monthly_recurring_revenue
churn:comparison_period:2023-07-01:2023-12-31:country:FR:segment_complement,2023-07-01,2023-12-31,registered_at_start,shared,inconclusive,insufficient_segment_or_complement_sample|mrr_exposed_not_aggregated_across_months,accounts|subscriptions|churn_events,build_monthly_churn:v1,comparison_period,country,FR,segment_complement,19,6,0,0,0,0,True,0.0,account_churn/account_month,0.0,0.0,0.95,cluster_bootstrap_account,complement:reference:country:FR,0.05509641873278237,0.0,0.0,0.0,-0.05509641873278237,-0.07237341223611173,-0.039533778429627985,0.0,0,0,,,USD,monthly_recurring_revenue
churn:comparison_period:2023-07-01:2023-12-31:country:IN:segment_complement,2023-07-01,2023-12-31,registered_at_start,shared,inconclusive,insufficient_segment_or_complement_sample|mrr_exposed_not_aggregated_across_months,accounts|subscriptions|churn_events,build_monthly_churn:v1,comparison_period,country,IN,segment_complement,87,23,2,0,0,0,True,0.022988505747126436,account_churn/account_month,0.0,0.06251977848101255,0.95,cluster_bootstrap_account,complement:reference:country:IN,0.057750759878419454,0.39806412583182094,0.0,1.2632032667876585,-0.03476225413129302,-0.06554878048780488,0.011328728252535173,4085.0,2,0,,,USD,monthly_recurring_revenue
churn:comparison_period:2023-07-01:2023-12-31:country:UK:segment_complement,2023-07-01,2023-12-31,registered_at_start,shared,inconclusive,insufficient_segment_or_complement_sample|mrr_exposed_not_aggregated_across_months,accounts|subscriptions|churn_events,build_monthly_churn:v1,comparison_period,country,UK,segment_complement,87,22,4,0,0,0,True,0.04597701149425287,account_churn/account_month,0.010309278350515464,0.102965049656226,0.95,cluster_bootstrap_account,complement:reference:country:UK,0.0547112462006079,0.8403575989782887,0.16733322578043075,2.033886990202779,-0.00873423470635503,-0.05031936481034217,0.04974036503336005,22777.0,4,0,,,USD,monthly_recurring_revenue
churn:comparison_period:2023-07-01:2023-12-31:country:US:segment_complement,2023-07-01,2023-12-31,registered_at_start,shared,available,mrr_exposed_not_aggregated_across_months,accounts|subscriptions|churn_events,build_monthly_churn:v1,comparison_period,country,US,segment_complement,400,99,22,0,0,0,True,0.055,account_churn/account_month,0.03348883572567783,0.08051948051948052,0.95,cluster_bootstrap_account,complement:reference:country:US,0.05217391304347826,1.0541666666666667,0.5859061015710633,2.0413499245852185,0.0028260869565217422,-0.029440193017123674,0.036981248199790054,96962.0,22,0,,,USD,monthly_recurring_revenue
churn:comparison_period:2023-07-01:2023-12-31:referral_source:ads:segment_complement,2023-07-01,2023-12-31,registered_at_start,shared,inconclusive,insufficient_segment_or_complement_sample|mrr_exposed_not_aggregated_across_months,accounts|subscriptions|churn_events,build_monthly_churn:v1,comparison_period,referral_source,ads,segment_complement,181,43,5,0,0,0,True,0.027624309392265192,account_churn/account_month,0.005434782608695652,0.0552232447171097,0.95,cluster_bootstrap_account,complement:reference:referral_source:ads,0.06205673758865248,0.4451460142067877,0.1052252530818382,0.9933438522674146,-0.03443242819638729,-0.06453100177923674,-0.0002614880840687334,37314.0,5,0,,,USD,monthly_recurring_revenue
churn:comparison_period:2023-07-01:2023-12-31:referral_source:event:segment_complement,2023-07-01,2023-12-31,registered_at_start,shared,available,mrr_exposed_not_aggregated_across_months,accounts|subscriptions|churn_events,build_monthly_churn:v1,comparison_period,referral_source,event,segment_complement,138,38,11,0,0,0,True,0.07971014492753623,account_churn/account_month,0.039209320091673036,0.13740458015267176,0.95,cluster_bootstrap_account,complement:reference:referral_source:event,0.047775947281713346,1.6684157921039477,0.7453794955680386,3.1630012531328315,0.03193419764582288,-0.01399749002771532,0.0889296423086233,40487.0,11,0,,,USD,monthly_recurring_revenue
churn:comparison_period:2023-07-01:2023-12-31:referral_source:organic:segment_complement,2023-07-01,2023-12-31,registered_at_start,shared,inconclusive,insufficient_segment_or_complement_sample|mrr_exposed_not_aggregated_across_months,accounts|subscriptions|churn_events,build_monthly_churn:v1,comparison_period,referral_source,organic,segment_complement,146,39,8,0,0,0,True,0.0547945205479452,account_churn/account_month,0.021731366459627328,0.09741114149008881,0.95,cluster_bootstrap_account,complement:reference:referral_source:organic,0.05342237061769616,1.0256849315068493,0.39897559689667317,2.008807078055102,0.0013721499302490406,-0.0367669655320539,0.04524269172491255,33323.0,8,0,,,USD,monthly_recurring_revenue
churn:comparison_period:2023-07-01:2023-12-31:referral_source:other:segment_complement,2023-07-01,2023-12-31,registered_at_start,shared,available,mrr_exposed_not_aggregated_across_months,accounts|subscriptions|churn_events,build_monthly_churn:v1,comparison_period,referral_source,other,segment_complement,140,38,11,0,0,0,True,0.07857142857142857,account_churn/account_month,0.038461538461538464,0.1260708014549102,0.95,cluster_bootstrap_account,complement:reference:referral_source:other,0.047933884297520664,1.6391625615763545,0.7602223875661376,3.115094924812029,0.030637544273907906,-0.014176637541876312,0.08575850779077641,15878.0,11,0,,,USD,monthly_recurring_revenue
churn:comparison_period:2023-07-01:2023-12-31:referral_source:partner:segment_complement,2023-07-01,2023-12-31,registered_at_start,shared,inconclusive,insufficient_segment_or_complement_sample|mrr_exposed_not_aggregated_across_months,accounts|subscriptions|churn_events,build_monthly_churn:v1,comparison_period,referral_source,partner,segment_complement,140,32,5,0,0,0,True,0.03571428571428571,account_churn/account_month,0.007351599398883641,0.07088020247469058,0.95,cluster_bootstrap_account,complement:reference:referral_source:partner,0.05785123966942149,0.6173469387755102,0.13836763070077865,1.3579282824641472,-0.022136953955135777,-0.05617559292665846,0.01711417945812861,7913.0,5,0,,,USD,monthly_recurring_revenue
churn:comparison_period:2023-07-01:2023-12-31:plan_tier:Basic:segment_complement,2023-07-01,2023-12-31,registered_at_start,shared,inconclusive,insufficient_segment_or_complement_sample|mrr_exposed_not_aggregated_across_months,accounts|subscriptions|churn_events,build_monthly_churn:v1,comparison_period,plan_tier,Basic,segment_complement,97,42,4,0,0,0,True,0.041237113402061855,account_churn/account_month,0.009174311926605505,0.08991317671092938,0.95,cluster_bootstrap_account,complement:reference:plan_tier:Basic,0.05555555555555555,0.7422680412371134,0.157089093880331,1.731052631578947,-0.014318442153493698,-0.05260828893274638,0.03626797843376644,1824.0,4,0,,,USD,monthly_recurring_revenue
churn:comparison_period:2023-07-01:2023-12-31:plan_tier:Enterprise:segment_complement,2023-07-01,2023-12-31,registered_at_start,shared,inconclusive,insufficient_segment_or_complement_sample|mrr_exposed_not_aggregated_across_months,accounts|subscriptions|churn_events,build_monthly_churn:v1,comparison_period,plan_tier,Enterprise,segment_complement,75,29,5,0,0,0,True,0.06666666666666667,account_churn/account_month,0.017841748768472908,0.12676615247037779,0.95,cluster_bootstrap_account,complement:reference:plan_tier:Enterprise,0.05223880597014925,1.2761904761904763,0.31461507176306025,2.619439019626989,0.014427860696517414,-0.03925120325839932,0.07217325370051733,41240.0,5,0,,,USD,monthly_recurring_revenue
churn:comparison_period:2023-07-01:2023-12-31:plan_tier:Pro:segment_complement,2023-07-01,2023-12-31,registered_at_start,shared,inconclusive,insufficient_segment_or_complement_sample|mrr_exposed_not_aggregated_across_months,accounts|subscriptions|churn_events,build_monthly_churn:v1,comparison_period,plan_tier,Pro,segment_complement,101,39,4,0,0,0,True,0.039603960396039604,account_churn/account_month,0.009345794392523364,0.07954545454545454,0.95,cluster_bootstrap_account,complement:reference:plan_tier:Pro,0.055900621118012424,0.7084708470847084,0.14641555668849995,1.5702529062173456,-0.01629666072197282,-0.05419749960115585,0.027773999284272807,6107.0,4,0,,,USD,monthly_recurring_revenue
churn:comparison_period:2023-07-01:2023-12-31:plan_tier:mixed:segment_complement,2023-07-01,2023-12-31,registered_at_start,shared,available,mrr_exposed_not_aggregated_across_months,accounts|subscriptions|churn_events,build_monthly_churn:v1,comparison_period,plan_tier,mixed,segment_complement,291,89,15,0,0,0,True,0.05154639175257732,account_churn/account_month,0.028037383177570093,0.07955301590044932,0.95,cluster_bootstrap_account,complement:reference:plan_tier:mixed,0.05506607929515418,0.9360824742268041,0.4721476598302156,1.8037030317531249,-0.003519687542576866,-0.03508070054945055,0.031092045949461404,85744.0,15,0,,,USD,monthly_recurring_revenue
churn:comparison_period:2023-07-01:2023-12-31:plan_tier:unknown:segment_complement,2023-07-01,2023-12-31,registered_at_start,shared,available,mrr_exposed_not_aggregated_across_months,accounts|subscriptions|churn_events,build_monthly_churn:v1,comparison_period,plan_tier,unknown,segment_complement,181,106,12,0,0,0,True,0.06629834254143646,account_churn/account_month,0.03260869565217391,0.10651469317199651,0.95,cluster_bootstrap_account,complement:reference:plan_tier:unknown,0.04964539007092199,1.335438042620363,0.586024285058376,2.4866015079250365,0.016652952470514473,-0.024803686411860836,0.05982890098944643,0.0,12,0,,,USD,monthly_recurring_revenue
churn:comparison_period:2023-07-01:2023-12-31:billing_frequency:annual:segment_complement,2023-07-01,2023-12-31,registered_at_start,shared,inconclusive,insufficient_segment_or_complement_sample|mrr_exposed_not_aggregated_across_months,accounts|subscriptions|churn_events,build_monthly_churn:v1,comparison_period,billing_frequency,annual,segment_complement,164,66,7,0,0,0,True,0.042682926829268296,account_churn/account_month,0.016574585635359115,0.07432957025348327,0.95,cluster_bootstrap_account,complement:reference:billing_frequency:annual,0.05679862306368331,0.7514781966001478,0.2618742704498518,1.4710212391066233,-0.014115696234415012,-0.047174129106545365,0.0224965127186835,23494.0,7,0,,,USD,monthly_recurring_revenue
churn:comparison_period:2023-07-01:2023-12-31:billing_frequency:mixed:segment_complement,2023-07-01,2023-12-31,registered_at_start,shared,available,mrr_exposed_not_aggregated_across_months,accounts|subscriptions|churn_events,build_monthly_churn:v1,comparison_period,billing_frequency,mixed,segment_complement,265,86,14,0,0,0,True,0.052830188679245285,account_churn/account_month,0.02785922418503005,0.08046750663129969,0.95,cluster_bootstrap_account,complement:reference:billing_frequency:mixed,0.05416666666666667,0.9753265602322206,0.48525793041630927,1.8184997187851504,-0.0013364779874213834,-0.033521111827380934,0.03404646899621184,55137.0,14,0,,,USD,monthly_recurring_revenue
churn:comparison_period:2023-07-01:2023-12-31:billing_frequency:monthly:segment_complement,2023-07-01,2023-12-31,registered_at_start,shared,inconclusive,insufficient_segment_or_complement_sample|mrr_exposed_not_aggregated_across_months,accounts|subscriptions|churn_events,build_monthly_churn:v1,comparison_period,billing_frequency,monthly,segment_complement,135,51,7,0,0,0,True,0.05185185185185185,account_churn/account_month,0.0211230670737713,0.09601935483870958,0.95,cluster_bootstrap_account,complement:reference:billing_frequency:monthly,0.054098360655737705,0.9584736251402918,0.3436836746882267,1.9117758133394755,-0.002246508803885855,-0.04187711896017428,0.04129960569146136,56284.0,7,0,,,USD,monthly_recurring_revenue
churn:comparison_period:2023-07-01:2023-12-31:billing_frequency:unknown:segment_complement,2023-07-01,2023-12-31,registered_at_start,shared,available,mrr_exposed_not_aggregated_across_months,accounts|subscriptions|churn_events,build_monthly_churn:v1,comparison_period,billing_frequency,unknown,segment_complement,181,106,12,0,0,0,True,0.06629834254143646,account_churn/account_month,0.03260869565217391,0.10651469317199651,0.95,cluster_bootstrap_account,complement:reference:billing_frequency:unknown,0.04964539007092199,1.335438042620363,0.586024285058376,2.4866015079250365,0.016652952470514473,-0.024803686411860836,0.05982890098944643,0.0,12,0,,,USD,monthly_recurring_revenue
churn:comparison_period:2023-07-01:2023-12-31:is_trial:False:segment_complement,2023-07-01,2023-12-31,registered_at_start,shared,available,mrr_exposed_not_aggregated_across_months,accounts|subscriptions|churn_events,build_monthly_churn:v1,comparison_period,is_trial,False,segment_complement,351,109,14,0,0,0,True,0.039886039886039885,account_churn/account_month,0.020725005365300305,0.06140350877192982,0.95,cluster_bootstrap_account,complement:reference:is_trial:False,0.06598984771573604,0.6044269121192197,0.28395329350547716,1.1316228821116452,-0.02610380782969616,-0.05971087437700307,0.006642813473799361,77372.0,14,0,,,USD,monthly_recurring_revenue
churn:comparison_period:2023-07-01:2023-12-31:is_trial:True:segment_complement,2023-07-01,2023-12-31,registered_at_start,shared,inconclusive,insufficient_segment_or_complement_sample|mrr_exposed_not_aggregated_across_months,accounts|subscriptions|churn_events,build_monthly_churn:v1,comparison_period,is_trial,True,segment_complement,57,25,5,0,0,0,True,0.08771929824561403,account_churn/account_month,0.018518518518518517,0.17543859649122806,0.95,cluster_bootstrap_account,complement:reference:is_trial:True,0.050872093023255814,1.7243107769423558,0.4671020132835201,3.6291140642303366,0.036847205222358216,-0.027769315525388534,0.11762747559240744,31860.0,5,0,,,USD,monthly_recurring_revenue
churn:comparison_period:2023-07-01:2023-12-31:is_trial:mixed:segment_complement,2023-07-01,2023-12-31,registered_at_start,shared,inconclusive,insufficient_segment_or_complement_sample|mrr_exposed_not_aggregated_across_months,accounts|subscriptions|churn_events,build_monthly_churn:v1,comparison_period,is_trial,mixed,segment_complement,156,51,9,0,0,0,True,0.057692307692307696,account_churn/account_month,0.024238773274917854,0.09923799469438578,0.95,cluster_bootstrap_account,complement:reference:is_trial:mixed,0.05263157894736842,1.0961538461538463,0.45897077669057657,2.166745283018867,0.005060728744939277,-0.03288322029895063,0.05049580439760116,25683.0,9,0,,,USD,monthly_recurring_revenue
churn:comparison_period:2023-07-01:2023-12-31:is_trial:unknown:segment_complement,2023-07-01,2023-12-31,registered_at_start,shared,available,mrr_exposed_not_aggregated_across_months,accounts|subscriptions|churn_events,build_monthly_churn:v1,comparison_period,is_trial,unknown,segment_complement,181,106,12,0,0,0,True,0.06629834254143646,account_churn/account_month,0.03260869565217391,0.10651469317199651,0.95,cluster_bootstrap_account,complement:reference:is_trial:unknown,0.04964539007092199,1.335438042620363,0.586024285058376,2.4866015079250365,0.016652952470514473,-0.024803686411860836,0.05982890098944643,0.0,12,0,,,USD,monthly_recurring_revenue
churn:comparison_period:2023-07-01:2023-12-31:mrr_band:high:segment_complement,2023-07-01,2023-12-31,registered_at_start,shared,available,mrr_exposed_not_aggregated_across_months,accounts|subscriptions|churn_events,build_monthly_churn:v1,comparison_period,mrr_band,high,segment_complement,306,85,13,0,0,0,True,0.042483660130718956,account_churn/account_month,0.021535168195718653,0.06522630078403416,0.95,cluster_bootstrap_account,complement:reference:mrr_band:high,0.06150341685649203,0.6907528443476156,0.33356234384551436,1.2493899951813403,-0.019019756725773072,-0.051306160295401027,0.01134151271486798,91917.0,13,0,,,USD,monthly_recurring_revenue
churn:comparison_period:2023-07-01:2023-12-31:mrr_band:low:segment_complement,2023-07-01,2023-12-31,registered_at_start,shared,available,mrr_exposed_not_aggregated_across_months,accounts|subscriptions|churn_events,build_monthly_churn:v1,comparison_period,mrr_band,low,segment_complement,295,129,19,0,0,0,True,0.06440677966101695,account_churn/account_month,0.039731820864205625,0.09615384615384616,0.95,cluster_bootstrap_account,complement:reference:mrr_band:low,0.04666666666666667,1.3801452784503632,0.7136856712501619,2.598097415728861,0.017740112994350278,-0.017024946697159784,0.0547250774863154,33136.0,19,0,,,USD,monthly_recurring_revenue
churn:comparison_period:2023-07-01:2023-12-31:mrr_band:mid:segment_complement,2023-07-01,2023-12-31,registered_at_start,shared,inconclusive,insufficient_segment_or_complement_sample|mrr_exposed_not_aggregated_across_months,accounts|subscriptions|churn_events,build_monthly_churn:v1,comparison_period,mrr_band,mid,segment_complement,144,60,8,0,0,0,True,0.05555555555555555,account_churn/account_month,0.021578879753340188,0.09859154929577464,0.95,cluster_bootstrap_account,complement:reference:mrr_band:mid,0.05324459234608985,1.0434027777777777,0.35990785127046027,2.0670538507172895,0.002310963209465701,-0.03813160319420742,0.04814368046810805,9862.0,8,0,,,USD,monthly_recurring_revenue
churn:comparison_period:2024-06-01:2024-11-30:industry:Cybersecurity:segment_complement,2024-06-01,2024-11-30,registered_at_start,shared,available,mrr_exposed_not_aggregated_across_months,accounts|subscriptions|churn_events,build_monthly_churn:v1,comparison_period,industry,Cybersecurity,segment_complement,230,65,28,0,0,0,True,0.12173913043478261,account_churn/account_month,0.07883817427385892,0.17370892018779344,0.95,cluster_bootstrap_account,complement:recent:industry:Cybersecurity,0.12473572938689217,0.9759764185703759,0.6322269156528639,1.4725547752439567,-0.002996598952109561,-0.05120611105667881,0.0549590367362421,275291.0,28,0,,,USD,monthly_recurring_revenue
churn:comparison_period:2024-06-01:2024-11-30:industry:Cybersecurity:previous_period,2024-06-01,2024-11-30,registered_at_start,shared,available,mrr_exposed_not_aggregated_across_months,accounts|subscriptions|churn_events,build_monthly_churn:v1,comparison_period,industry,Cybersecurity,previous_period,230,65,28,0,0,0,True,0.12173913043478261,account_churn/account_month,0.07883817427385892,0.17370892018779344,0.95,cluster_bootstrap_account,reference:industry:Cybersecurity,0.07194244604316546,1.6921739130434783,0.9042580432413834,3.774671746562883,0.04979668439161715,-0.009101500431371529,0.11051544343948243,275291.0,28,0,,,USD,monthly_recurring_revenue
churn:comparison_period:2024-06-01:2024-11-30:industry:DevTools:segment_complement,2024-06-01,2024-11-30,registered_at_start,shared,available,mrr_exposed_not_aggregated_across_months,accounts|subscriptions|churn_events,build_monthly_churn:v1,comparison_period,industry,DevTools,segment_complement,237,64,36,0,0,0,True,0.1518987341772152,account_churn/account_month,0.10984617516629712,0.20476190476190476,0.95,cluster_bootstrap_account,complement:recent:industry:DevTools,0.11714589989350373,1.296662830840046,0.9003067170146495,1.8440758523995424,0.03475283428371147,-0.013090871874063367,0.09026794603372146,471875.0,36,0,,,USD,monthly_recurring_revenue
churn:comparison_period:2024-06-01:2024-11-30:industry:DevTools:previous_period,2024-06-01,2024-11-30,registered_at_start,shared,available,mrr_exposed_not_aggregated_across_months,accounts|subscriptions|churn_events,build_monthly_churn:v1,comparison_period,industry,DevTools,previous_period,237,64,36,0,0,0,True,0.1518987341772152,account_churn/account_month,0.10984617516629712,0.20476190476190476,0.95,cluster_bootstrap_account,reference:industry:DevTools,0.056179775280898875,2.7037974683544306,1.511569185834246,6.4803033562822705,0.09571895889631632,0.04336097743275442,0.154371538612915,471875.0,36,0,,,USD,monthly_recurring_revenue
churn:comparison_period:2024-06-01:2024-11-30:industry:EdTech:segment_complement,2024-06-01,2024-11-30,registered_at_start,shared,available,mrr_exposed_not_aggregated_across_months,accounts|subscriptions|churn_events,build_monthly_churn:v1,comparison_period,industry,EdTech,segment_complement,189,54,29,0,0,0,True,0.15343915343915343,account_churn/account_month,0.102803738317757,0.2195328648201735,0.95,cluster_bootstrap_account,complement:recent:industry:EdTech,0.11854103343465046,1.2943969610636277,0.8372684492679007,1.915642201834862,0.03489812000450297,-0.020871708994937323,0.1005328899451119,239913.0,29,0,,,USD,monthly_recurring_revenue
churn:comparison_period:2024-06-01:2024-11-30:industry:EdTech:previous_period,2024-06-01,2024-11-30,registered_at_start,shared,available,mrr_exposed_not_aggregated_across_months,accounts|subscriptions|churn_events,build_monthly_churn:v1,comparison_period,industry,EdTech,previous_period,189,54,29,0,0,0,True,0.15343915343915343,account_churn/account_month,0.102803738317757,0.2195328648201735,0.95,cluster_bootstrap_account,reference:industry:EdTech,0.058823529411764705,2.6084656084656084,1.2460611351958895,10.371364317841055,0.09461562402738873,0.025543241279069772,0.16884578449629384,239913.0,29,0,,,USD,monthly_recurring_revenue
churn:comparison_period:2024-06-01:2024-11-30:industry:FinTech:segment_complement,2024-06-01,2024-11-30,registered_at_start,shared,available,mrr_exposed_not_aggregated_across_months,accounts|subscriptions|churn_events,build_monthly_churn:v1,comparison_period,industry,FinTech,segment_complement,277,68,26,0,0,0,True,0.09386281588447654,account_churn/account_month,0.06290900385352009,0.13115570504865778,0.95,cluster_bootstrap_account,complement:recent:industry:FinTech,0.13348164627363737,0.7031889290012034,0.4581728891027672,1.0167197395604408,-0.039618830389160836,-0.07895439717386511,0.0019437125780329308,352881.0,26,0,,,USD,monthly_recurring_revenue
churn:comparison_period:2024-06-01:2024-11-30:industry:FinTech:previous_period,2024-06-01,2024-11-30,registered_at_start,shared,available,mrr_exposed_not_aggregated_across_months,accounts|subscriptions|churn_events,build_monthly_churn:v1,comparison_period,industry,FinTech,previous_period,277,68,26,0,0,0,True,0.09386281588447654,account_churn/account_month,0.06290900385352009,0.13115570504865778,0.95,cluster_bootstrap_account,reference:industry:FinTech,0.05,1.8772563176895307,0.9621393753560962,4.562191348522168,0.04386281588447653,-0.0023736963349639323,0.08878291418513226,352881.0,26,0,,,USD,monthly_recurring_revenue
churn:comparison_period:2024-06-01:2024-11-30:industry:HealthTech:segment_complement,2024-06-01,2024-11-30,registered_at_start,shared,available,mrr_exposed_not_aggregated_across_months,accounts|subscriptions|churn_events,build_monthly_churn:v1,comparison_period,industry,HealthTech,segment_complement,243,60,27,0,0,0,True,0.1111111111111111,account_churn/account_month,0.07509400304954775,0.1588002887970799,0.95,cluster_bootstrap_account,complement:recent:industry:HealthTech,0.12754555198285103,0.8711484593837534,0.5632120999690085,1.2928506871269474,-0.016434440871739925,-0.06073890107920726,0.03623960730485027,282377.0,27,0,,,USD,monthly_recurring_revenue
churn:comparison_period:2024-06-01:2024-11-30:industry:HealthTech:previous_period,2024-06-01,2024-11-30,registered_at_start,shared,available,mrr_exposed_not_aggregated_across_months,accounts|subscriptions|churn_events,build_monthly_churn:v1,comparison_period,industry,HealthTech,previous_period,243,60,27,0,0,0,True,0.1111111111111111,account_churn/account_month,0.07509400304954775,0.1588002887970799,0.95,cluster_bootstrap_account,reference:industry:HealthTech,0.03680981595092025,3.018518518518518,1.369575148469621,10.199041471048513,0.07430129516019085,0.02474172749035393,0.1263961337490749,282377.0,27,0,,,USD,monthly_recurring_revenue
churn:comparison_period:2024-06-01:2024-11-30:country:AU:segment_complement,2024-06-01,2024-11-30,registered_at_start,shared,inconclusive,insufficient_segment_or_complement_sample|mrr_exposed_not_aggregated_across_months,accounts|subscriptions|churn_events,build_monthly_churn:v1,comparison_period,country,AU,segment_complement,69,14,2,0,0,0,True,0.028985507246376812,account_churn/account_month,0.0,0.07575757575757576,0.95,cluster_bootstrap_account,complement:recent:country:AU,0.13008130081300814,0.22282608695652173,0.0,0.5872058761135496,-0.10109579356663133,-0.14040173292207025,-0.04996474952534739,26301.0,2,0,,,USD,monthly_recurring_revenue
churn:comparison_period:2024-06-01:2024-11-30:country:AU:previous_period,2024-06-01,2024-11-30,registered_at_start,shared,available,mrr_exposed_not_aggregated_across_months,accounts|subscriptions|churn_events,build_monthly_churn:v1,comparison_period,country,AU,previous_period,69,14,2,0,0,0,True,0.028985507246376812,account_churn/account_month,0.0,0.07575757575757576,0.95,cluster_bootstrap_account,reference:country:AU,0.1111111111111111,0.2608695652173913,0.0,0.9978502594514449,-0.08212560386473429,-0.19552776803087818,0.00023725695215525596,26301.0,2,0,,,USD,monthly_recurring_revenue
churn:comparison_period:2024-06-01:2024-11-30:country:CA:segment_complement,2024-06-01,2024-11-30,registered_at_start,shared,inconclusive,insufficient_segment_or_complement_sample|mrr_exposed_not_aggregated_across_months,accounts|subscriptions|churn_events,build_monthly_churn:v1,comparison_period,country,CA,segment_complement,42,11,5,0,0,0,True,0.11904761904761904,account_churn/account_month,0.03508771929824561,0.2962962962962963,0.95,cluster_bootstrap_account,complement:recent:country:CA,0.12433862433862433,0.9574468085106383,0.23873711265590133,2.664380120237984,-0.005291005291005291,-0.09758288344059575,0.19919543666492798,22419.0,5,0,,,USD,monthly_recurring_revenue
churn:comparison_period:2024-06-01:2024-11-30:country:CA:previous_period,2024-06-01,2024-11-30,registered_at_start,shared,available,relative_risk_bootstrap_unavailable|mrr_exposed_not_aggregated_across_months,accounts|subscriptions|churn_events,build_monthly_churn:v1,comparison_period,country,CA,previous_period,42,11,5,0,0,0,True,0.11904761904761904,account_churn/account_month,0.03508771929824561,0.2962962962962963,0.95,cluster_bootstrap_account,reference:country:CA,0.05714285714285714,2.0833333333333335,,,0.0619047619047619,-0.05878707020948402,0.25249999999999934,22419.0,5,0,,,USD,monthly_recurring_revenue
churn:comparison_period:2024-06-01:2024-11-30:country:DE:segment_complement,2024-06-01,2024-11-30,registered_at_start,shared,inconclusive,insufficient_segment_or_complement_sample|mrr_exposed_not_aggregated_across_months,accounts|subscriptions|churn_events,build_monthly_churn:v1,comparison_period,country,DE,segment_complement,79,19,8,0,0,0,True,0.10126582278481013,account_churn/account_month,0.0425531914893617,0.1904936974789915,0.95,cluster_bootstrap_account,complement:recent:country:DE,0.12579762989972654,0.804989910108237,0.32063136709857076,1.5523162777507689,-0.024531807114916412,-0.08870481287151327,0.06587104141594738,71421.0,8,0,,,USD,monthly_recurring_revenue
churn:comparison_period:2024-06-01:2024-11-30:country:DE:previous_period,2024-06-01,2024-11-30,registered_at_start,shared,available,mrr_exposed_not_aggregated_across_months,accounts|subscriptions|churn_events,build_monthly_churn:v1,comparison_period,country,DE,previous_period,79,19,8,0,0,0,True,0.10126582278481013,account_churn/account_month,0.0425531914893617,0.1904936974789915,0.95,cluster_bootstrap_account,reference:country:DE,0.06349206349206349,1.5949367088607596,0.45595238095238094,7.011506024096382,0.037773759292746636,-0.06224715334008096,0.1279652767324,71421.0,8,0,,,USD,monthly_recurring_revenue
churn:comparison_period:2024-06-01:2024-11-30:country:FR:segment_complement,2024-06-01,2024-11-30,registered_at_start,shared,inconclusive,insufficient_segment_or_complement_sample|mrr_exposed_not_aggregated_across_months,accounts|subscriptions|churn_events,build_monthly_churn:v1,comparison_period,country,FR,segment_complement,48,14,9,0,0,0,True,0.1875,account_churn/account_month,0.09372106481481482,0.34375,0.95,cluster_bootstrap_account,complement:recent:country:FR,0.12145390070921985,1.5437956204379564,0.6611651812240047,2.9231792717086824,0.06604609929078015,-0.04261777724556418,0.22678752473254474,81324.0,9,0,,,USD,monthly_recurring_revenue
churn:comparison_period:2024-06-01:2024-11-30:country:FR:previous_period,2024-06-01,2024-11-30,registered_at_start,shared,available,relative_risk_bootstrap_unavailable|mrr_exposed_not_aggregated_across_months,accounts|subscriptions|churn_events,build_monthly_churn:v1,comparison_period,country,FR,previous_period,48,14,9,0,0,0,True,0.1875,account_churn/account_month,0.09372106481481482,0.34375,0.95,cluster_bootstrap_account,reference:country:FR,0.0,,,,0.1875,0.09230769230769231,0.3450862068965515,81324.0,9,0,,,USD,monthly_recurring_revenue
churn:comparison_period:2024-06-01:2024-11-30:country:IN:segment_complement,2024-06-01,2024-11-30,registered_at_start,shared,available,mrr_exposed_not_aggregated_across_months,accounts|subscriptions|churn_events,build_monthly_churn:v1,comparison_period,country,IN,segment_complement,124,30,11,0,0,0,True,0.08870967741935484,account_churn/account_month,0.044444444444444446,0.14414414414414414,0.95,cluster_bootstrap_account,complement:recent:country:IN,0.12832699619771862,0.691278375149343,0.3312351363726715,1.168409380344964,-0.039617318778363775,-0.09004357230506854,0.02113279228326008,252293.0,11,0,,,USD,monthly_recurring_revenue
churn:comparison_period:2024-06-01:2024-11-30:country:IN:previous_period,2024-06-01,2024-11-30,registered_at_start,shared,available,relative_risk_bootstrap_unavailable|mrr_exposed_not_aggregated_across_months,accounts|subscriptions|churn_events,build_monthly_churn:v1,comparison_period,country,IN,previous_period,124,30,11,0,0,0,True,0.08870967741935484,account_churn/account_month,0.044444444444444446,0.14414414414414414,0.95,cluster_bootstrap_account,reference:country:IN,0.022988505747126436,3.858870967741936,,,0.0657211716722284,0.0073868213084399975,0.1245372384977103,252293.0,11,0,,,USD,monthly_recurring_revenue
churn:comparison_period:2024-06-01:2024-11-30:country:UK:segment_complement,2024-06-01,2024-11-30,registered_at_start,shared,available,mrr_exposed_not_aggregated_across_months,accounts|subscriptions|churn_events,build_monthly_churn:v1,comparison_period,country,UK,segment_complement,134,38,22,0,0,0,True,0.16417910447761194,account_churn/account_month,0.10883984028393966,0.23728813559322035,0.95,cluster_bootstrap_account,complement:recent:country:UK,0.11900191938579655,1.3796340876263842,0.8644646833824581,2.0576612566575423,0.0451771850918154,-0.016938886351198675,0.11985218814439695,177532.0,22,0,,,USD,monthly_recurring_revenue
churn:comparison_period:2024-06-01:2024-11-30:country:UK:previous_period,2024-06-01,2024-11-30,registered_at_start,shared,available,mrr_exposed_not_aggregated_across_months,accounts|subscriptions|churn_events,build_monthly_churn:v1,comparison_period,country,UK,previous_period,134,38,22,0,0,0,True,0.16417910447761194,account_churn/account_month,0.10883984028393966,0.23728813559322035,0.95,cluster_bootstrap_account,reference:country:UK,0.04597701149425287,3.5708955223880596,1.472076612903226,14.8108569353667,0.11820209298335907,0.03923637021720632,0.2030250621944866,177532.0,22,0,,,USD,monthly_recurring_revenue
churn:comparison_period:2024-06-01:2024-11-30:country:US:segment_complement,2024-06-01,2024-11-30,registered_at_start,shared,available,mrr_exposed_not_aggregated_across_months,accounts|subscriptions|churn_events,build_monthly_churn:v1,comparison_period,country,US,segment_complement,680,185,89,0,0,0,True,0.13088235294117648,account_churn/account_month,0.10510244147998994,0.1609437964593114,0.95,cluster_bootstrap_account,complement:recent:country:US,0.11491935483870967,1.13890608875129,0.8244218530701063,1.6073182925568827,0.015962998102466805,-0.023862864325502775,0.05752347435950181,991047.0,89,0,,,USD,monthly_recurring_revenue
churn:comparison_period:2024-06-01:2024-11-30:country:US:previous_period,2024-06-01,2024-11-30,registered_at_start,shared,available,mrr_exposed_not_aggregated_across_months,accounts|subscriptions|churn_events,build_monthly_churn:v1,comparison_period,country,US,previous_period,680,185,89,0,0,0,True,0.13088235294117648,account_churn/account_month,0.10510244147998994,0.1609437964593114,0.95,cluster_bootstrap_account,reference:country:US,0.055,2.379679144385027,1.589152840975526,3.8352315281739284,0.07588235294117648,0.04237628858285487,0.10948107628338555,991047.0,89,0,,,USD,monthly_recurring_revenue
churn:comparison_period:2024-06-01:2024-11-30:referral_source:ads:segment_complement,2024-06-01,2024-11-30,registered_at_start,shared,available,mrr_exposed_not_aggregated_across_months,accounts|subscriptions|churn_events,build_monthly_churn:v1,comparison_period,referral_source,ads,segment_complement,287,64,23,0,0,0,True,0.08013937282229965,account_churn/account_month,0.050505050505050504,0.11397303455602772,0.95,cluster_bootstrap_account,complement:recent:referral_source:ads,0.13835770528683913,0.5792187190164585,0.3687716802149925,0.8542162627328731,-0.05821833246453949,-0.09576672291685569,-0.018412289716517555,278162.0,23,0,,,USD,monthly_recurring_revenue
churn:comparison_period:2024-06-01:2024-11-30:referral_source:ads:previous_period,2024-06-01,2024-11-30,registered_at_start,shared,available,mrr_exposed_not_aggregated_across_months,accounts|subscriptions|churn_events,build_monthly_churn:v1,comparison_period,referral_source,ads,previous_period,287,64,23,0,0,0,True,0.08013937282229965,account_churn/account_month,0.050505050505050504,0.11397303455602772,0.95,cluster_bootstrap_account,reference:referral_source:ads,0.027624309392265192,2.9010452961672475,1.3351787126832837,13.425669195008565,0.05251506343003445,0.01632352094042497,0.09120114653485022,278162.0,23,0,,,USD,monthly_recurring_revenue
churn:comparison_period:2024-06-01:2024-11-30:referral_source:event:segment_complement,2024-06-01,2024-11-30,registered_at_start,shared,available,mrr_exposed_not_aggregated_across_months,accounts|subscriptions|churn_events,build_monthly_churn:v1,comparison_period,referral_source,event,segment_complement,229,62,28,0,0,0,True,0.1222707423580786,account_churn/account_month,0.08147932816537469,0.17412935323383086,0.95,cluster_bootstrap_account,complement:recent:referral_source:event,0.1246040126715945,0.9812745170601732,0.6211001818908913,1.430558216983021,-0.002333270313515906,-0.049650183181648336,0.05029511185878392,265657.0,28,0,,,USD,monthly_recurring_revenue
churn:comparison_period:2024-06-01:2024-11-30:referral_source:event:previous_period,2024-06-01,2024-11-30,registered_at_start,shared,available,mrr_exposed_not_aggregated_across_months,accounts|subscriptions|churn_events,build_monthly_churn:v1,comparison_period,referral_source,event,previous_period,229,62,28,0,0,0,True,0.1222707423580786,account_churn/account_month,0.08147932816537469,0.17412935323383086,0.95,cluster_bootstrap_account,reference:referral_source:event,0.07971014492753623,1.5339420404922588,0.8341458333333334,3.3442040226392806,0.04256059743054237,-0.01871393040182608,0.1040123093858144,265657.0,28,0,,,USD,monthly_recurring_revenue
churn:comparison_period:2024-06-01:2024-11-30:referral_source:organic:segment_complement,2024-06-01,2024-11-30,registered_at_start,shared,available,mrr_exposed_not_aggregated_across_months,accounts|subscriptions|churn_events,build_monthly_churn:v1,comparison_period,referral_source,organic,segment_complement,238,70,40,0,0,0,True,0.16806722689075632,account_churn/account_month,0.11922619047619049,0.22860714285714265,0.95,cluster_bootstrap_account,complement:recent:referral_source:organic,0.11300639658848614,1.4872364039955606,1.0175081656202938,2.126157968450538,0.05506083030227017,0.002293839536516425,0.11961018884864706,535478.0,40,0,,,USD,monthly_recurring_revenue
churn:comparison_period:2024-06-01:2024-11-30:referral_source:organic:previous_period,2024-06-01,2024-11-30,registered_at_start,shared,available,mrr_exposed_not_aggregated_across_months,accounts|subscriptions|churn_events,build_monthly_churn:v1,comparison_period,referral_source,organic,previous_period,238,70,40,0,0,0,True,0.16806722689075632,account_churn/account_month,0.11922619047619049,0.22860714285714265,0.95,cluster_bootstrap_account,reference:referral_source:organic,0.0547945205479452,3.0672268907563027,1.64381903714565,7.6850265091425225,0.11327270634281111,0.054103995699750766,0.17747434340430399,535478.0,40,0,,,USD,monthly_recurring_revenue
churn:comparison_period:2024-06-01:2024-11-30:referral_source:other:segment_complement,2024-06-01,2024-11-30,registered_at_start,shared,available,mrr_exposed_not_aggregated_across_months,accounts|subscriptions|churn_events,build_monthly_churn:v1,comparison_period,referral_source,other,segment_complement,221,59,25,0,0,0,True,0.11312217194570136,account_churn/account_month,0.07346938775510205,0.1616198752228164,0.95,cluster_bootstrap_account,complement:recent:referral_source:other,0.12670157068062826,0.8928237537863207,0.5724410008995019,1.3425620098930586,-0.013579398734926904,-0.05884321344295709,0.040669294973799966,177660.0,25,0,,,USD,monthly_recurring_revenue
churn:comparison_period:2024-06-01:2024-11-30:referral_source:other:previous_period,2024-06-01,2024-11-30,registered_at_start,shared,available,mrr_exposed_not_aggregated_across_months,accounts|subscriptions|churn_events,build_monthly_churn:v1,comparison_period,referral_source,other,previous_period,221,59,25,0,0,0,True,0.11312217194570136,account_churn/account_month,0.07346938775510205,0.1616198752228164,0.95,cluster_bootstrap_account,reference:referral_source:other,0.07857142857142857,1.439736733854381,0.7581213294403875,3.1433270676691705,0.03455074337427279,-0.02706299951984795,0.09466771057636376,177660.0,25,0,,,USD,monthly_recurring_revenue
churn:comparison_period:2024-06-01:2024-11-30:referral_source:partner:segment_complement,2024-06-01,2024-11-30,registered_at_start,shared,available,mrr_exposed_not_aggregated_across_months,accounts|subscriptions|churn_events,build_monthly_churn:v1,comparison_period,referral_source,partner,segment_complement,201,56,30,0,0,0,True,0.14925373134328357,account_churn/account_month,0.10313063157453586,0.20670872664226544,0.95,cluster_bootstrap_account,complement:recent:referral_source:partner,0.11897435897435897,1.2545033453422543,0.8570141518936342,1.8227343468788473,0.030279372368924598,-0.018322953079434396,0.09072631487918136,365380.0,30,0,,,USD,monthly_recurring_revenue
churn:comparison_period:2024-06-01:2024-11-30:referral_source:partner:previous_period,2024-06-01,2024-11-30,registered_at_start,shared,available,mrr_exposed_not_aggregated_across_months,accounts|subscriptions|churn_events,build_monthly_churn:v1,comparison_period,referral_source,partner,previous_period,201,56,30,0,0,0,True,0.14925373134328357,account_churn/account_month,0.10313063157453586,0.20670872664226544,0.95,cluster_bootstrap_account,reference:referral_source:partner,0.03571428571428571,4.17910447761194,1.9876252657151534,17.240391833428816,0.11353944562899786,0.060014304499463614,0.1733150693325452,365380.0,30,0,,,USD,monthly_recurring_revenue
churn:comparison_period:2024-06-01:2024-11-30:plan_tier:Basic:segment_complement,2024-06-01,2024-11-30,registered_at_start,shared,inconclusive,insufficient_segment_or_complement_sample|mrr_exposed_not_aggregated_across_months,accounts|subscriptions|churn_events,build_monthly_churn:v1,comparison_period,plan_tier,Basic,segment_complement,55,32,7,0,0,0,True,0.12727272727272726,account_churn/account_month,0.04918032786885246,0.22727272727272727,0.95,cluster_bootstrap_account,complement:recent:plan_tier:Basic,0.1239964317573595,1.0264224983649444,0.3677353667392883,1.9173251911199818,0.003276295515367761,-0.07980295776997463,0.10896387455908758,17088.0,7,0,,,USD,monthly_recurring_revenue
churn:comparison_period:2024-06-01:2024-11-30:plan_tier:Basic:previous_period,2024-06-01,2024-11-30,registered_at_start,shared,available,mrr_exposed_not_aggregated_across_months,accounts|subscriptions|churn_events,build_monthly_churn:v1,comparison_period,plan_tier,Basic,previous_period,55,32,7,0,0,0,True,0.12727272727272726,account_churn/account_month,0.04918032786885246,0.22727272727272727,0.95,cluster_bootstrap_account,reference:plan_tier:Basic,0.041237113402061855,3.086363636363636,0.9517520215633423,14.260919540229883,0.08603561387066541,-0.0020380150068656775,0.19077729885057468,17088.0,7,0,,,USD,monthly_recurring_revenue
churn:comparison_period:2024-06-01:2024-11-30:plan_tier:Enterprise:segment_complement,2024-06-01,2024-11-30,registered_at_start,shared,available,mrr_exposed_not_aggregated_across_months,accounts|subscriptions|churn_events,build_monthly_churn:v1,comparison_period,plan_tier,Enterprise,segment_complement,63,42,12,0,0,0,True,0.19047619047619047,account_churn/account_month,0.1,0.2982456140350877,0.95,cluster_bootstrap_account,complement:recent:plan_tier:Enterprise,0.12039532794249776,1.5820895522388059,0.8142641326208918,2.5690674946553997,0.07008086253369271,-0.023060071920334393,0.18336380115681403,88149.0,12,0,,,USD,monthly_recurring_revenue
churn:comparison_period:2024-06-01:2024-11-30:plan_tier:Enterprise:previous_period,2024-06-01,2024-11-30,registered_at_start,shared,available,mrr_exposed_not_aggregated_across_months,accounts|subscriptions|churn_events,build_monthly_churn:v1,comparison_period,plan_tier,Enterprise,previous_period,63,42,12,0,0,0,True,0.19047619047619047,account_churn/account_month,0.1,0.2982456140350877,0.95,cluster_bootstrap_account,reference:plan_tier:Enterprise,0.06666666666666667,2.857142857142857,1.228125,10.796699375557536,0.1238095238095238,0.02243710672575471,0.23875776270249757,88149.0,12,0,,,USD,monthly_recurring_revenue
churn:comparison_period:2024-06-01:2024-11-30:plan_tier:Pro:segment_complement,2024-06-01,2024-11-30,registered_at_start,shared,inconclusive,insufficient_segment_or_complement_sample|mrr_exposed_not_aggregated_across_months,accounts|subscriptions|churn_events,build_monthly_churn:v1,comparison_period,plan_tier,Pro,segment_complement,54,32,6,0,0,0,True,0.1111111111111111,account_churn/account_month,0.037020202020202016,0.20933292533659714,0.95,cluster_bootstrap_account,complement:recent:plan_tier:Pro,0.12477718360071301,0.8904761904761904,0.3030348139255702,1.6686342981832645,-0.013666072489601902,-0.09133993073898937,0.08246401515151512,11542.0,6,0,,,USD,monthly_recurring_revenue
churn:comparison_period:2024-06-01:2024-11-30:plan_tier:Pro:previous_period,2024-06-01,2024-11-30,registered_at_start,shared,available,mrr_exposed_not_aggregated_across_months,accounts|subscriptions|churn_events,build_monthly_churn:v1,comparison_period,plan_tier,Pro,previous_period,54,32,6,0,0,0,True,0.1111111111111111,account_churn/account_month,0.037020202020202016,0.20933292533659714,0.95,cluster_bootstrap_account,reference:plan_tier:Pro,0.039603960396039604,2.8055555555555554,0.7648571428571428,12.836300093196645,0.0715071507150715,-0.013393725383200062,0.1786899648640887,11542.0,6,0,,,USD,monthly_recurring_revenue
churn:comparison_period:2024-06-01:2024-11-30:plan_tier:mixed:segment_complement,2024-06-01,2024-11-30,registered_at_start,shared,available,mrr_exposed_not_aggregated_across_months,accounts|subscriptions|churn_events,build_monthly_churn:v1,comparison_period,plan_tier,mixed,segment_complement,950,250,106,0,0,0,True,0.11157894736842106,account_churn/account_month,0.09186906019007392,0.1338602786740193,0.95,cluster_bootstrap_account,complement:recent:plan_tier:mixed,0.17699115044247787,0.630421052631579,0.44445959368251314,0.9118186534220688,-0.06541220307405682,-0.12521640306078513,-0.011870125980368797,1477145.0,106,0,,,USD,monthly_recurring_revenue
churn:comparison_period:2024-06-01:2024-11-30:plan_tier:mixed:previous_period,2024-06-01,2024-11-30,registered_at_start,shared,available,mrr_exposed_not_aggregated_across_months,accounts|subscriptions|churn_events,build_monthly_churn:v1,comparison_period,plan_tier,mixed,previous_period,950,250,106,0,0,0,True,0.11157894736842106,account_churn/account_month,0.09186906019007392,0.1338602786740193,0.95,cluster_bootstrap_account,reference:plan_tier:mixed,0.05154639175257732,2.1646315789473687,1.3610639740119457,3.9191376493958496,0.06003255561584374,0.026978684461697572,0.08975412103359598,1477145.0,106,0,,,USD,monthly_recurring_revenue
churn:comparison_period:2024-06-01:2024-11-30:plan_tier:unknown:segment_complement,2024-06-01,2024-11-30,registered_at_start,shared,available,mrr_exposed_not_aggregated_across_months,accounts|subscriptions|churn_events,build_monthly_churn:v1,comparison_period,plan_tier,unknown,segment_complement,54,52,15,0,0,0,True,0.2777777777777778,account_churn/account_month,0.16363636363636364,0.39632075471698064,0.95,cluster_bootstrap_account,complement:recent:plan_tier:unknown,0.11675579322638147,2.3791348600508906,1.3598131581181114,3.702125941961924,0.16102198455139632,0.042196610719039705,0.2925213811697045,28413.0,15,0,,,USD,monthly_recurring_revenue
churn:comparison_period:2024-06-01:2024-11-30:plan_tier:unknown:previous_period,2024-06-01,2024-11-30,registered_at_start,shared,available,mrr_exposed_not_aggregated_across_months,accounts|subscriptions|churn_events,build_monthly_churn:v1,comparison_period,plan_tier,unknown,previous_period,54,52,15,0,0,0,True,0.2777777777777778,account_churn/account_month,0.16363636363636364,0.39632075471698064,0.95,cluster_bootstrap_account,reference:plan_tier:unknown,0.06629834254143646,4.189814814814815,2.0808249453627607,8.796497584541061,0.21147943523634133,0.08553605289547095,0.3394646627258119,28413.0,15,0,,,USD,monthly_recurring_revenue
churn:comparison_period:2024-06-01:2024-11-30:billing_frequency:annual:segment_complement,2024-06-01,2024-11-30,registered_at_start,shared,available,mrr_exposed_not_aggregated_across_months,accounts|subscriptions|churn_events,build_monthly_churn:v1,comparison_period,billing_frequency,annual,segment_complement,91,58,16,0,0,0,True,0.17582417582417584,account_churn/account_month,0.10101010101010101,0.26375205254515594,0.95,cluster_bootstrap_account,complement:recent:billing_frequency:annual,0.11981566820276497,1.4674556213017753,0.8180438404459356,2.3445504661304364,0.056008507621410866,-0.023806426583269157,0.1515389141152775,86994.0,16,0,,,USD,monthly_recurring_revenue
churn:comparison_period:2024-06-01:2024-11-30:billing_frequency:annual:previous_period,2024-06-01,2024-11-30,registered_at_start,shared,available,mrr_exposed_not_aggregated_across_months,accounts|subscriptions|churn_events,build_monthly_churn:v1,comparison_period,billing_frequency,annual,previous_period,91,58,16,0,0,0,True,0.17582417582417584,account_churn/account_month,0.10101010101010101,0.26375205254515594,0.95,cluster_bootstrap_account,reference:billing_frequency:annual,0.042682926829268296,4.119309262166405,1.8584392101439322,12.084564860426916,0.13314124899490754,0.049208424390753715,0.23479477915568123,86994.0,16,0,,,USD,monthly_recurring_revenue
churn:comparison_period:2024-06-01:2024-11-30:billing_frequency:mixed:segment_complement,2024-06-01,2024-11-30,registered_at_start,shared,available,mrr_exposed_not_aggregated_across_months,accounts|subscriptions|churn_events,build_monthly_churn:v1,comparison_period,billing_frequency,mixed,segment_complement,947,242,98,0,0,0,True,0.10348468848996832,account_churn/account_month,0.08453500645610872,0.1254230807786911,0.95,cluster_bootstrap_account,complement:recent:billing_frequency:mixed,0.2096069868995633,0.4937082013375572,0.35935016332870195,0.6812569388650813,-0.10612229840959499,-0.16943490768292838,-0.05237177985129786,1378128.0,98,0,,,USD,monthly_recurring_revenue
churn:comparison_period:2024-06-01:2024-11-30:billing_frequency:mixed:previous_period,2024-06-01,2024-11-30,registered_at_start,shared,available,mrr_exposed_not_aggregated_across_months,accounts|subscriptions|churn_events,build_monthly_churn:v1,comparison_period,billing_frequency,mixed,previous_period,947,242,98,0,0,0,True,0.10348468848996832,account_churn/account_month,0.08453500645610872,0.1254230807786911,0.95,cluster_bootstrap_account,reference:billing_frequency:mixed,0.052830188679245285,1.9588173178458288,1.193260773952777,3.845512276533152,0.050654499810723036,0.015650409971556457,0.08310297825511297,1378128.0,98,0,,,USD,monthly_recurring_revenue
churn:comparison_period:2024-06-01:2024-11-30:billing_frequency:monthly:segment_complement,2024-06-01,2024-11-30,registered_at_start,shared,available,mrr_exposed_not_aggregated_across_months,accounts|subscriptions|churn_events,build_monthly_churn:v1,comparison_period,billing_frequency,monthly,segment_complement,84,52,17,0,0,0,True,0.20238095238095238,account_churn/account_month,0.12161846425865118,0.29578768909754816,0.95,cluster_bootstrap_account,complement:recent:billing_frequency:monthly,0.11813186813186813,1.7131782945736436,1.0309482541253374,2.5667244172318164,0.08424908424908426,0.003652219835822367,0.17984170987408996,128802.0,17,0,,,USD,monthly_recurring_revenue
churn:comparison_period:2024-06-01:2024-11-30:billing_frequency:monthly:previous_period,2024-06-01,2024-11-30,registered_at_start,shared,available,mrr_exposed_not_aggregated_across_months,accounts|subscriptions|churn_events,build_monthly_churn:v1,comparison_period,billing_frequency,monthly,previous_period,84,52,17,0,0,0,True,0.20238095238095238,account_churn/account_month,0.12161846425865118,0.29578768909754816,0.95,cluster_bootstrap_account,reference:billing_frequency:monthly,0.05185185185185185,3.903061224489796,1.7092934609250396,10.674873737373751,0.15052910052910054,0.055927102094985304,0.24920808399777442,128802.0,17,0,,,USD,monthly_recurring_revenue
churn:comparison_period:2024-06-01:2024-11-30:billing_frequency:unknown:segment_complement,2024-06-01,2024-11-30,registered_at_start,shared,available,mrr_exposed_not_aggregated_across_months,accounts|subscriptions|churn_events,build_monthly_churn:v1,comparison_period,billing_frequency,unknown,segment_complement,54,52,15,0,0,0,True,0.2777777777777778,account_churn/account_month,0.16363636363636364,0.39632075471698064,0.95,cluster_bootstrap_account,complement:recent:billing_frequency:unknown,0.11675579322638147,2.3791348600508906,1.3598131581181114,3.702125941961924,0.16102198455139632,0.042196610719039705,0.2925213811697045,28413.0,15,0,,,USD,monthly_recurring_revenue
churn:comparison_period:2024-06-01:2024-11-30:billing_frequency:unknown:previous_period,2024-06-01,2024-11-30,registered_at_start,shared,available,mrr_exposed_not_aggregated_across_months,accounts|subscriptions|churn_events,build_monthly_churn:v1,comparison_period,billing_frequency,unknown,previous_period,54,52,15,0,0,0,True,0.2777777777777778,account_churn/account_month,0.16363636363636364,0.39632075471698064,0.95,cluster_bootstrap_account,reference:billing_frequency:unknown,0.06629834254143646,4.189814814814815,2.0808249453627607,8.796497584541061,0.21147943523634133,0.08553605289547095,0.3394646627258119,28413.0,15,0,,,USD,monthly_recurring_revenue
churn:comparison_period:2024-06-01:2024-11-30:is_trial:False:segment_complement,2024-06-01,2024-11-30,registered_at_start,shared,available,mrr_exposed_not_aggregated_across_months,accounts|subscriptions|churn_events,build_monthly_churn:v1,comparison_period,is_trial,False,segment_complement,458,172,68,0,0,0,True,0.14847161572052403,account_churn/account_month,0.11726560649135276,0.18372108282976257,0.95,cluster_bootstrap_account,complement:recent:is_trial:False,0.10863509749303621,1.366700257529952,1.0013887120108713,1.9023950951017352,0.03983651822748782,0.00016527331695295242,0.08602230560316844,694441.0,68,0,,,USD,monthly_recurring_revenue
churn:comparison_period:2024-06-01:2024-11-30:is_trial:False:previous_period,2024-06-01,2024-11-30,registered_at_start,shared,available,mrr_exposed_not_aggregated_across_months,accounts|subscriptions|churn_events,build_monthly_churn:v1,comparison_period,is_trial,False,previous_period,458,172,68,0,0,0,True,0.14847161572052403,account_churn/account_month,0.11726560649135276,0.18372108282976257,0.95,cluster_bootstrap_account,reference:is_trial:False,0.039886039886039885,3.7223955084217097,2.261025405142106,7.164990856557678,0.10858557583448414,0.07156317691517969,0.1489651926459254,694441.0,68,0,,,USD,monthly_recurring_revenue
churn:comparison_period:2024-06-01:2024-11-30:is_trial:True:segment_complement,2024-06-01,2024-11-30,registered_at_start,shared,inconclusive,insufficient_segment_or_complement_sample|mrr_exposed_not_aggregated_across_months,accounts|subscriptions|churn_events,build_monthly_churn:v1,comparison_period,is_trial,True,segment_complement,14,11,2,0,0,0,True,0.14285714285714285,account_churn/account_month,0.0,0.3333333333333333,0.95,cluster_bootstrap_account,complement:recent:is_trial:True,0.12392426850258176,1.1527777777777777,0.0,2.883204858030168,0.01893287435456109,-0.13450034098059235,0.22748006422623182,0.0,2,0,,,USD,monthly_recurring_revenue
churn:comparison_period:2024-06-01:2024-11-30:is_trial:True:previous_period,2024-06-01,2024-11-30,registered_at_start,shared,available,mrr_exposed_not_aggregated_across_months,accounts|subscriptions|churn_events,build_monthly_churn:v1,comparison_period,is_trial,True,previous_period,14,11,2,0,0,0,True,0.14285714285714285,account_churn/account_month,0.0,0.3333333333333333,0.95,cluster_bootstrap_account,reference:is_trial:True,0.08771929824561403,1.6285714285714286,0.0,6.974107142857138,0.05513784461152882,-0.12079004329004328,0.25692799847211567,0.0,2,0,,,USD,monthly_recurring_revenue
churn:comparison_period:2024-06-01:2024-11-30:is_trial:mixed:segment_complement,2024-06-01,2024-11-30,registered_at_start,shared,available,mrr_exposed_not_aggregated_across_months,accounts|subscriptions|churn_events,build_monthly_churn:v1,comparison_period,is_trial,mixed,segment_complement,650,171,61,0,0,0,True,0.09384615384615384,account_churn/account_month,0.07185343807261027,0.11932840878286799,0.95,cluster_bootstrap_account,complement:recent:is_trial:mixed,0.16159695817490494,0.5807420814479638,0.419329300695489,0.7977352219175762,-0.0677508043287511,-0.10941512298007926,-0.02783606851608899,899483.0,61,0,,,USD,monthly_recurring_revenue
churn:comparison_period:2024-06-01:2024-11-30:is_trial:mixed:previous_period,2024-06-01,2024-11-30,registered_at_start,shared,available,mrr_exposed_not_aggregated_across_months,accounts|subscriptions|churn_events,build_monthly_churn:v1,comparison_period,is_trial,mixed,previous_period,650,171,61,0,0,0,True,0.09384615384615384,account_churn/account_month,0.07185343807261027,0.11932840878286799,0.95,cluster_bootstrap_account,reference:is_trial:mixed,0.057692307692307696,1.6266666666666665,0.9013538283102854,3.789420488802756,0.03615384615384615,-0.009548122757447756,0.076687119463222,899483.0,61,0,,,USD,monthly_recurring_revenue
churn:comparison_period:2024-06-01:2024-11-30:is_trial:unknown:segment_complement,2024-06-01,2024-11-30,registered_at_start,shared,available,mrr_exposed_not_aggregated_across_months,accounts|subscriptions|churn_events,build_monthly_churn:v1,comparison_period,is_trial,unknown,segment_complement,54,52,15,0,0,0,True,0.2777777777777778,account_churn/account_month,0.16363636363636364,0.39632075471698064,0.95,cluster_bootstrap_account,complement:recent:is_trial:unknown,0.11675579322638147,2.3791348600508906,1.3598131581181114,3.702125941961924,0.16102198455139632,0.042196610719039705,0.2925213811697045,28413.0,15,0,,,USD,monthly_recurring_revenue
churn:comparison_period:2024-06-01:2024-11-30:is_trial:unknown:previous_period,2024-06-01,2024-11-30,registered_at_start,shared,available,mrr_exposed_not_aggregated_across_months,accounts|subscriptions|churn_events,build_monthly_churn:v1,comparison_period,is_trial,unknown,previous_period,54,52,15,0,0,0,True,0.2777777777777778,account_churn/account_month,0.16363636363636364,0.39632075471698064,0.95,cluster_bootstrap_account,reference:is_trial:unknown,0.06629834254143646,4.189814814814815,2.0808249453627607,8.796497584541061,0.21147943523634133,0.08553605289547095,0.3394646627258119,28413.0,15,0,,,USD,monthly_recurring_revenue
churn:comparison_period:2024-06-01:2024-11-30:mrr_band:high:segment_complement,2024-06-01,2024-11-30,registered_at_start,shared,available,mrr_exposed_not_aggregated_across_months,accounts|subscriptions|churn_events,build_monthly_churn:v1,comparison_period,mrr_band,high,segment_complement,964,261,114,0,0,0,True,0.11825726141078838,account_churn/account_month,0.09802071182613077,0.14116411004056795,0.95,cluster_bootstrap_account,complement:recent:mrr_band:high,0.1509433962264151,0.783454356846473,0.5386652116382561,1.1746234603308774,-0.03268613481562671,-0.09094442478833355,0.018977284702800266,1558753.0,114,0,,,USD,monthly_recurring_revenue
churn:comparison_period:2024-06-01:2024-11-30:mrr_band:high:previous_period,2024-06-01,2024-11-30,registered_at_start,shared,available,mrr_exposed_not_aggregated_across_months,accounts|subscriptions|churn_events,build_monthly_churn:v1,comparison_period,mrr_band,high,previous_period,964,261,114,0,0,0,True,0.11825726141078838,account_churn/account_month,0.09802071182613077,0.14116411004056795,0.95,cluster_bootstrap_account,reference:mrr_band:high,0.042483660130718956,2.783593999361634,1.7854203738604486,5.551262315357037,0.07577360128006942,0.047686651683669,0.10534601582681237,1558753.0,114,0,,,USD,monthly_recurring_revenue
churn:comparison_period:2024-06-01:2024-11-30:mrr_band:low:segment_complement,2024-06-01,2024-11-30,registered_at_start,shared,available,mrr_exposed_not_aggregated_across_months,accounts|subscriptions|churn_events,build_monthly_churn:v1,comparison_period,mrr_band,low,segment_complement,97,73,21,0,0,0,True,0.21649484536082475,account_churn/account_month,0.13978494623655913,0.3030388151174668,0.95,cluster_bootstrap_account,complement:recent:mrr_band:low,0.11584800741427248,1.868783505154639,1.2005923370019818,2.8135139339826836,0.10064683794655227,0.02438285691178593,0.19576588824955374,37252.0,21,0,,,USD,monthly_recurring_revenue
churn:comparison_period:2024-06-01:2024-11-30:mrr_band:low:previous_period,2024-06-01,2024-11-30,registered_at_start,shared,available,mrr_exposed_not_aggregated_across_months,accounts|subscriptions|churn_events,build_monthly_churn:v1,comparison_period,mrr_band,low,previous_period,97,73,21,0,0,0,True,0.21649484536082475,account_churn/account_month,0.13978494623655913,0.3030388151174668,0.95,cluster_bootstrap_account,reference:mrr_band:low,0.06440677966101695,3.3613673358654372,1.8862974885971746,6.235932539682538,0.15208806569980782,0.06870466216255332,0.24464380699088148,37252.0,21,0,,,USD,monthly_recurring_revenue
churn:comparison_period:2024-06-01:2024-11-30:mrr_band:mid:segment_complement,2024-06-01,2024-11-30,registered_at_start,shared,available,mrr_exposed_not_aggregated_across_months,accounts|subscriptions|churn_events,build_monthly_churn:v1,comparison_period,mrr_band,mid,segment_complement,115,59,11,0,0,0,True,0.09565217391304348,account_churn/account_month,0.04422854944209311,0.15790776446065652,0.95,cluster_bootstrap_account,complement:recent:mrr_band:mid,0.12723845428840716,0.751755233494364,0.36764673026803,1.252710959383753,-0.03158628037536368,-0.08485062598162342,0.032052274971227035,26332.0,11,0,,,USD,monthly_recurring_revenue
churn:comparison_period:2024-06-01:2024-11-30:mrr_band:mid:previous_period,2024-06-01,2024-11-30,registered_at_start,shared,available,mrr_exposed_not_aggregated_across_months,accounts|subscriptions|churn_events,build_monthly_churn:v1,comparison_period,mrr_band,mid,previous_period,115,59,11,0,0,0,True,0.09565217391304348,account_churn/account_month,0.04422854944209311,0.15790776446065652,0.95,cluster_bootstrap_account,reference:mrr_band:mid,0.05555555555555555,1.7217391304347827,0.6810491106256825,4.8171215331278825,0.04009661835748793,-0.026516226719695515,0.10755280191517537,26332.0,11,0,,,USD,monthly_recurring_revenue
